SAMPLE,G_R1,G_R6,G_H3,G_H4,G_C3,G_C4,G_C5,G_C6,G_R2,G_H1,G_H5,G_H6,G_H2,G_C1,G_C2,G_R3,G_R4,G_R5,Kingdom,Phylum,Class,Order,Family,Genus,Species
Seq_575,0.030156490646103,0,0,0.07688927943761,0,0,0.199776035834267,0,0,0.289120458655774,0.020523345305285,0,0.177142963695016,0,0,0,0.061536536014519,0,Bacteria,Proteobacteria,Gammaproteobacteria,Enterobacterales,Shewanellaceae,Shewanella,NA
Seq_423,0,0,0.032611307541794,0.10618043350908,0.194692512803149,0,0.105711086226204,0,0,0.114417883638243,0,0,0,0.071554564515592,0.061527733625932,0.134503925069086,0.064665512422036,0.030159208876331,Bacteria,Proteobacteria,Gammaproteobacteria,Pseudomonadales,Moraxellaceae,Acinetobacter,NA
Seq_155,0.137858242953613,0.158500135857259,0.110706807181353,0.333186877562976,0.627812813024647,0.060464239721079,0.25531914893617,0,0.068816809652705,0.2694356614707,0.105774164265698,0,0.320721997426765,0.177222351649083,0.187659587559092,0.497664522755619,0.226329293477127,0.049207130271909,Bacteria,Proteobacteria,Gammaproteobacteria,Pseudomonadales,Moraxellaceae,Acinetobacter,NA
Seq_424,0.040926665876854,0.056607191377593,0.040335038275377,0,0.205979035284491,0.014134497597135,0.051063829787234,0.137000376751036,0,0,0,0,0.078315836580954,0.061570206676207,0.056400422490438,0.204201413513976,0.093869292225537,0.030952872267814,Bacteria,Proteobacteria,Gammaproteobacteria,Pseudomonadales,Moraxellaceae,Acinetobacter,NA
Seq_428,0.05277385863068,0.063400054342904,0,0.062243702401875,0.121330116674426,0.023557495995226,0.091377379619261,0,0.034408404826352,0.092272486805034,0.056833879306942,0,0.091368476011113,0,0,0.151622606441515,0.102213229312251,0,Bacteria,Proteobacteria,Gammaproteobacteria,Pseudomonadales,Moraxellaceae,Acinetobacter,NA
Seq_269,0.145397365615139,0.097364369169459,0.132161614774639,0.571177504393673,0,0.081665986116782,0.128107502799552,0.393876083159229,0.092902693031151,0,0,0,0.214436219209756,0.069890504875695,0.186634125331993,0.144286028710474,0.087611339410501,0.072223368624899,Bacteria,Proteobacteria,Gammaproteobacteria,Pseudomonadales,Moraxellaceae,Acinetobacter,NA
Seq_117,0.141089295522838,0,0.399917613538842,0.864089045108377,0.173530283150633,0.128780978107234,0.461366181410974,0,0,0.634834709218637,0.133401744484351,0,0.346827276287083,0.324491629780011,0,0,0.792674023237865,0.027778218701884,Bacteria,Proteobacteria,Gammaproteobacteria,Francisellales,Francisellaceae,Francisellaceae_unclassified,NA
Seq_482,0.047388771015304,0,0.025745769111943,0.051259519625073,0.132616639155768,0.018845996796181,0.093169092945129,0,0.025232830205992,0,0,0,0.083909824908165,0.0665623855959,0.061527733625932,0,0,0,Bacteria,Proteobacteria,Gammaproteobacteria,Pseudomonadales,Moraxellaceae,Acinetobacter,NA
Seq_291,0.078622279184482,0,0,0.234329232571763,0.383741764365627,0.020416496529196,0.102127659574468,0,0.080286277928155,0.103345185221639,0.052887082132849,0,0.117473754871431,0.077378773255234,0.100495298255689,0.287349294465775,0.134545985523269,0.023809901744472,Bacteria,Proteobacteria,Gammaproteobacteria,Pseudomonadales,Moraxellaceae,Acinetobacter,NA
Seq_458,0.056004911199905,0,0.055782499742542,0,0.220087188386168,0.015704997330151,0,0,0.041290085791623,0.071357389795893,0,0,0.05593988327211,0,0.05434949803624,0.149177080531168,0.082396378731304,0,Bacteria,Proteobacteria,Gammaproteobacteria,Pseudomonadales,Moraxellaceae,Acinetobacter,NA
Seq_7,0.152936488276664,0.270582374784893,1.7507122996121,0,0,2.47746332883123,1.05711086226204,0,0.196127907510208,0.371550546868272,2.06812171922485,2.44672046348024,0,1.71148533963457,1.15159408103203,0.047687755251767,0.138717954066626,2.323052746869,Bacteria,Bacteroidota,Bacteroidia,Flavobacteriales,Flavobacteriaceae,Polaribacter,NA
Seq_743,0.05277385863068,0.130196540168463,0,0,0,0,0,0.345925951296366,0.045877873101803,0,0,0,0,0,0.131259165068655,0.047687755251767,0,0,Bacteria,Firmicutes,Bacilli,Staphylococcales,Staphylococcaceae,Staphylococcus,NA
Seq_74,0.232635784984222,0.215107327234852,0.15104184545673,0.497949619214997,1.01860865394111,0.08559223544932,0.448824188129899,0.506901393978833,0.102078267651512,0.407229241766218,0.142874057702175,2.20618663356094,0.561263495496839,0.256265184544214,0.278925725770891,0.814360128145558,0.287865829491646,0,Bacteria,Proteobacteria,Gammaproteobacteria,Pseudomonadales,Moraxellaceae,Acinetobacter,NA
Seq_477,0,0,0.038618653667914,0.161101347393087,0.207389850594659,0.014134497597135,0.062709966405375,0,0.035555351653897,0.083660388036565,0,0,0.063398534375058,0,0.057425884717536,0.156513658262209,0,0.011111287480754,Bacteria,Proteobacteria,Gammaproteobacteria,Pseudomonadales,Moraxellaceae,Acinetobacter,NA
Seq_289,0.067852103953731,0.083778643238837,0.044625999794034,0.197715289982425,0.286395507964052,0,0.15498320268757,0,0,0.184544973610069,0.059991317046217,0,0.221894870312704,0.096515459114055,0.085113364849206,0.221320094886405,0.096998268633055,0.034921189225226,Bacteria,Proteobacteria,Gammaproteobacteria,Pseudomonadales,Moraxellaceae,Acinetobacter,NA
Seq_92,0.150782453230514,0,0.47114757474855,1.20459871118922,0.203157404664155,0.170399221032132,0.501679731243001,0.102750282563277,0.058494288204799,0.852597778078518,0.162608043572641,0,0,0.348620494558525,0,0.29957692401751,0.993971505454849,0.037302179399673,Bacteria,Proteobacteria,Gammaproteobacteria,Francisellales,Francisellaceae,Francisellaceae_unclassified,NA
Seq_3,0.16478368103049,0.306810977266552,1.77388349181285,0.237990626830697,0,2.40600559097905,1.03113101903695,0,0.204156535303023,0.32972035284999,2.0026048861349,7.4643078833023,0,1.61829799980031,1.05109878277634,0,0.151233859696698,2.34844997539643,Bacteria,Bacteroidota,Bacteroidia,Flavobacteriales,Flavobacteriaceae,Polaribacter,NA
Seq_286,0,0.080382211756182,0.044625999794034,0,0.159422130048955,0,0.128107502799552,0.270575744083296,0,0.183314673786002,0.064727473655129,0,0.158496335937646,0.105667787133491,0,0.262894035362305,0.17835165522852,0,Bacteria,Proteobacteria,Gammaproteobacteria,Pseudomonadales,Moraxellaceae,Acinetobacter,NA
Seq_173,0.131396137815162,0.093967937686804,0.099550307232845,0.285588752196837,0.547396340345085,0.058108490121557,0.246360582306831,0.304825838271055,0.061935128687434,0.211611569739546,0.101827367091605,0,0.296481381342184,0.163077844709954,0,0.482991367293536,0.201297482216984,0.044445149923015,Bacteria,Proteobacteria,Gammaproteobacteria,Pseudomonadales,Moraxellaceae,Acinetobacter,NA
Seq_18,0.122779997630561,0.16529299882257,1.17743984071951,0,0,1.55165373621886,0.722060470324748,0,0.123870257374868,0,1.42952993645657,1.56734947237741,0,1.15069724098912,0.761918434734457,0.044019466386246,0.084482363002983,1.60320005079446,Bacteria,Bacteroidota,Bacteroidia,Flavobacteriales,Flavobacteriaceae,Polaribacter,NA
Seq_296,0.074314209092182,0.099628656824563,0.052349730527617,0,0.277930616103046,0,0.140649496080627,0,0.045877873101803,0,0.05841259817658,0,0.18087228924649,0.089027190734516,0.104597147164084,0.180968917365679,0.092826300089697,0.031746535659296,Bacteria,Proteobacteria,Gammaproteobacteria,Pseudomonadales,Moraxellaceae,Acinetobacter,NA
Seq_110,0.145397365615139,0,0.407641344272425,0.922671353251318,0.165065391289626,0.146056475170399,0.446136618141097,0.07535020721307,0.059641235032344,0.727107196023671,0.149978292615542,0,0.320721997426765,0.340300196359038,0,0.288572057420948,0.773900164792757,0.033333862442261,Bacteria,Proteobacteria,Gammaproteobacteria,Francisellales,Francisellaceae,Francisellaceae_unclassified,NA
Seq_228,0.096931577076759,0.070192917308215,0.04805876900896,0,0.194692512803149,0,0.164837625979843,0.274000753502072,0,0.172241975369398,0.074989146307771,1.14576867370163,0.137985045404539,0.084035011814824,0.109724458299579,0.239661539214008,0.160620788919252,0.019047921395578,Bacteria,Proteobacteria,Gammaproteobacteria,Pseudomonadales,Moraxellaceae,Acinetobacter,NA
Seq_309,0,0.062267910515352,0.033469499845525,0,0.1749410984608,0.034550994126331,0.121836506159015,0.280850772339624,0,0,0.056044519872124,0,0,0.10649981695344,0,0.224988383751926,0.13350299338743,0.014285941046683,Bacteria,Proteobacteria,Gammaproteobacteria,Pseudomonadales,Moraxellaceae,Acinetobacter,NA
Seq_372,0.198171224245818,0.161896567339915,0.122721499433593,0,0,0,0,0,0.07225765013534,0,0,0,0.205112905331071,0,0.425566824246029,0.051356044117287,0,0,Bacteria,Proteobacteria,Gammaproteobacteria,Enterobacterales,Vibrionaceae,Vibrio,NA
Seq_425,0.05061982358453,0,0.049775153616422,0.18306971294669,0.222908819006504,0.019631246662688,0,0,0.042437032619168,0.084890687860632,0.042625409480207,0,0.070857185478006,0.056578027756515,0.065629582534327,0.162627473038077,0.078224410187947,0,Bacteria,Proteobacteria,Gammaproteobacteria,Pseudomonadales,Moraxellaceae,Acinetobacter,NA
Seq_24,0.104470699738285,0.159632279684811,1.00837595688442,0,0,1.50689449382794,0.645912653975364,0,0.127311097857503,0.236217566220888,1.33243872597387,1.38112973308504,0,1.06666222917429,0.708594398925316,0.042796703431073,0.105342205719769,1.38811727170273,Bacteria,Bacteroidota,Bacteroidia,Flavobacteriales,Flavobacteriaceae,Polaribacter,NA
Seq_316,0.067852103953731,0,0.065222615083588,0,0.324487521338582,0.017275497063166,0.110190369540873,0,0.059641235032344,0,0.056833879306942,0,0.096962464338324,0.078210803075182,0,0.249443642855396,0.107428189991447,0,Bacteria,Proteobacteria,Gammaproteobacteria,Pseudomonadales,Moraxellaceae,Acinetobacter,NA
Seq_201,0.10770175230751,0,0,0.303895723491506,0.538931448484079,0,0,0,0,0,0.082093381221139,0,0.289022730239236,0.157253635970313,0,0.41818493066934,0.17835165522852,0.049207130271909,Bacteria,Proteobacteria,Gammaproteobacteria,Pseudomonadales,Moraxellaceae,Acinetobacter,NA
Seq_144,0,0.115478670410289,0.077237307335828,0.28925014645577,0.57561264654844,0.054967490655527,0.265173572228443,0,0.059641235032344,0.223914567980217,0,1.45613490585558,0,0.147269278130928,0.176379503061005,0.46342716001076,0.183566615907716,0.050794457054874,Bacteria,Proteobacteria,Gammaproteobacteria,Pseudomonadales,Moraxellaceae,Acinetobacter,NA
Seq_577,0.036618595784553,0,0.022312999897017,0,0.088881364540568,0.014919747463643,0.067189249720045,0,0,0,0,0,0.080180499356691,0,0.046145800219449,0,0,0,Bacteria,Proteobacteria,Gammaproteobacteria,Pseudomonadales,Moraxellaceae,Acinetobacter,NA
Seq_213,0.734525950737218,0.774386378045467,0,0,0,0,0,0,0.883149057209708,0,0,0,0,0,0,0,0,0.04603247670598,Bacteria,Proteobacteria,Gammaproteobacteria,Enterobacterales,Shewanellaceae,Shewanella,NA
Seq_323,0.082930349276783,0.050946472239833,0.034327692149257,0.080550673696544,0.179173544391304,0.032980494393316,0.12989921612542,0.19180052745145,0,0.116878483286377,0.048940284958756,0,0,0.088195160914567,0.105622609391183,0.207869702379497,0.134545985523269,0,Bacteria,Proteobacteria,Gammaproteobacteria,Pseudomonadales,Moraxellaceae,Acinetobacter,NA
Seq_493,0,0,0,0,0.117097670743923,0,0.083314669652856,0.119875329657157,0.036702298481442,0.083660388036565,0,0,0.11187976654422,0.052417878656771,0.058451346944635,0.144286028710474,0,0.012698614263719,Bacteria,Proteobacteria,Gammaproteobacteria,Pseudomonadales,Moraxellaceae,Acinetobacter,NA
Seq_273,0.078622279184482,0.080382211756182,0,0.205038078500293,0.276519800792878,0.030624744793793,0.164837625979843,0,0.047024819929348,0.198078271674807,0.060780676481036,0,0.208842230882545,0.099011548573901,0.105622609391183,0.232324961482967,0.113686142806483,0.038095842791155,Bacteria,Proteobacteria,Gammaproteobacteria,Pseudomonadales,Moraxellaceae,Acinetobacter,NA
Seq_387,0.05277385863068,0.038492890136763,0.0300367306306,0,0.148135607567613,0.032195244526808,0.110190369540873,0,0,0.087351287508766,0.044204128349844,0,0.095097801562587,0.084035011814824,0.084087902622107,0.167518524858771,0.113686142806483,0,Bacteria,Proteobacteria,Gammaproteobacteria,Pseudomonadales,Moraxellaceae,Acinetobacter,NA
Seq_253,0.096931577076759,0,0.081528268854485,0.28925014645577,0.426066223670659,0.023557495995226,0.138857782754759,0,0.07455154379043,0.126720881878914,0.083672100090776,0,0.128661731525854,0.10649981695344,0.095367987120194,0.311804553569245,0.141846930474144,0.028571882093367,Bacteria,Proteobacteria,Gammaproteobacteria,Pseudomonadales,Moraxellaceae,Acinetobacter,NA
Seq_565,0.045234735969154,0.053210759894937,0,0,0,0,0,0,0,0,0,0,0.061533871599321,0,0,0.130835636203566,0,0.018254258004095,Bacteria,Proteobacteria,Gammaproteobacteria,Pseudomonadales,Moraxellaceae,Acinetobacter,NA
Seq_68,0,0,0.580996189626171,0,0,0.861419103558752,0.371780515117581,0,0,0,0.759363776295536,0,0,0.539155323326788,0.434795984289919,0,0,0.784933094176098,Bacteria,Bacteroidota,Bacteroidia,Flavobacteriales,Flavobacteriaceae,Polaribacter,NA
Seq_172,0.943467350213788,0.940811520695589,0,0,0,0,0,0,1.10336284809836,0,0,0,0,0,0,0,0,0.057937427578216,Bacteria,Proteobacteria,Gammaproteobacteria,Enterobacterales,Shewanellaceae,Shewanella,NA
Seq_447,0,0.04302146544697,0.032611307541794,0.194053895723492,0,0.010208248264598,0.086898096304591,0,0,0.108266384517907,0.037889252871295,0,0,0.062402236496156,0.056400422490438,0.162627473038077,0.062579528150358,0,Bacteria,Proteobacteria,Gammaproteobacteria,Pseudomonadales,Moraxellaceae,Acinetobacter,NA
Seq_436,0.243405960214973,0.322660990852278,0,0,0,0,0,0,0.409460017433592,0,0,0,0,0,0,0,0,0.06269940792711,Bacteria,Proteobacteria,Gammaproteobacteria,Enterobacterales,Shewanellaceae,Shewanella,NA
Seq_35,0.10339368221521,0.132460827823567,0.982630187772476,0,0,1.36947576718912,0.596640537513998,0,0.097490480341331,0.223914567980217,1.15325413427004,0,0,0.911904682663827,0.656295825343273,0,0.082396378731304,1.37462499404752,Bacteria,Bacteroidota,Bacteroidia,Flavobacteriales,Flavobacteriaceae,Polaribacter,NA
Seq_381,0,0.056607191377593,0.032611307541794,0,0.197514143423484,0,0.122732362821948,0,0.034408404826352,0,0.043414768915026,0,0.134255719853065,0.063234266316105,0.069731431442723,0.143063265755301,0.079267402323787,0.038889506182638,Bacteria,Proteobacteria,Gammaproteobacteria,Pseudomonadales,Moraxellaceae,Acinetobacter,NA
Seq_279,0.085084384322933,0.07358934879087,0.035185884452988,0,0.211622296525162,0.034550994126331,0.132586786114222,0.243175668733089,0.051612607239528,0.152557178184324,0.079725302916683,0,0.173413638143542,0.089027190734516,0.110749920526677,0.258002983541611,0.160620788919252,0,Bacteria,Proteobacteria,Gammaproteobacteria,Pseudomonadales,Moraxellaceae,Acinetobacter,NA
Seq_290,0.085084384322933,0,0.072946345817171,0.223345049794962,0.366811980643614,0.025127995728241,0.1003359462486,0,0,0.125490582054847,0.072621068003315,0,0.102556452665535,0.102339667853696,0.101520760482788,0.240884302169181,0.11785811134984,0.020635248178543,Bacteria,Proteobacteria,Gammaproteobacteria,Pseudomonadales,Moraxellaceae,Acinetobacter,NA
Seq_541,0.036618595784553,0,0.046342384401497,0.117164616285882,0,0.014134497597135,0,0,0.033261457998807,0,0.03473181513202,0,0.048481232169162,0.044097580457284,0,0.125944584382872,0,0,Bacteria,Proteobacteria,Gammaproteobacteria,Pseudomonadales,Moraxellaceae,Acinetobacter,NA
Seq_373,0,0,0,0,0.121330116674426,0.026698495461256,0.095856662933931,0,0.026379777033537,0,0,0.612973308504035,0,0,0.068705969215624,0.144286028710474,0.086568347274662,0,Bacteria,Proteobacteria,Gammaproteobacteria,Pseudomonadales,Moraxellaceae,Acinetobacter,NA
Seq_262,0.099085612122909,0.057739335205145,0.044625999794034,0.157439953134153,0.214443927145497,0.034550994126331,0.151399776035834,0.287700791177176,0.056200394549709,0.172241975369398,0.079725302916683,0,0.145443696507487,0.100675608213798,0.116902693889271,0.258002983541611,0.176265670956841,0.019047921395578,Bacteria,Proteobacteria,Gammaproteobacteria,Pseudomonadales,Moraxellaceae,Acinetobacter,NA
Seq_358,0,0.129064396340911,0,0,0.124151747294762,0,0,0.387026064321677,0.142221406615589,0,0,0,0.264782114154655,0,0,0.130835636203566,0.170007718141805,0,Bacteria,Actinobacteriota,Actinobacteria,Propionibacteriales,Propionibacteriaceae,Cutibacterium,NA
Seq_338,0.197094206722743,0,0,0,0.196103328113317,0,0.115565509518477,0.500051375141282,0,0.220223668508015,0,0,0.173413638143542,0.215495723366725,0,0,0,0,Bacteria,Fusobacteriota,Fusobacteriia,Fusobacteriales,Fusobacteriaceae,Cetobacterium,NA
Seq_46,0.245559995261123,0,0.689986612200062,1.93687756297598,0.304736106996233,0.267770204479065,0.937066069428891,0.280850772339624,0.103225214479057,1.29673601456675,0.22733551722777,0,0.609744727666002,0.587413052883815,0,0.558802670514294,1.75118379607418,0.050794457054874,Bacteria,Proteobacteria,Gammaproteobacteria,Francisellales,Francisellaceae,Francisellaceae_unclassified,NA
Seq_746,0,0.055475047550041,0,0.139132981839484,0,0,0.094064949608063,0,0.009175574620361,0.209150970091411,0.097091210482693,0,0.027969941636055,0,0,0,0,0,Bacteria,Proteobacteria,Gammaproteobacteria,Enterobacterales,Shewanellaceae,Shewanella,NA
Seq_516,0,0,0.029178538326868,0.102519039250146,0.155189684118452,0.015704997330151,0.074356103023516,0,0,0.086120987684699,0.033942455697202,0,0,0.050753819016874,0,0.117385243696657,0,0,Bacteria,Proteobacteria,Gammaproteobacteria,Pseudomonadales,Moraxellaceae,Acinetobacter,NA
Seq_366,0.090469471938308,0.133592971651119,0.10298307644777,0,0,0.043188742657914,0.073460246360582,0.226050621639209,0.073404596962885,0,0,0,0.117473754871431,0.044097580457284,0.123055467251864,0.099043799369054,0.055278583199483,0.084128319497135,Bacteria,Proteobacteria,Gammaproteobacteria,Pseudomonadales,Moraxellaceae,Acinetobacter,NA
Seq_106,0.140012277999763,0,0.455700113281384,0.864089045108377,0,0.162546722367057,0.470324748040314,0,0.055053447722164,0.750482892680946,0.149188933180724,0,0.333774636856924,0.311179152660831,0,0.277567190824387,0.898016228957634,0.027778218701884,Bacteria,Proteobacteria,Gammaproteobacteria,Francisellales,Francisellaceae,Francisellaceae_unclassified,NA
Seq_251,0.089392454415233,0.093967937686804,0.065222615083588,0.237990626830697,0.332952413199588,0.023557495995226,0.194400895856663,0,0.038996192136533,0.175932874841599,0.072621068003315,0,0.238676835294337,0.089859220554465,0.107673533845381,0.27878995377956,0.119944095621519,0.042064159748567,Bacteria,Proteobacteria,Gammaproteobacteria,Pseudomonadales,Moraxellaceae,Acinetobacter,NA
Seq_414,0,0.058871479032696,0,0,0.198924958733652,0.019631246662688,0,0.15070041442614,0,0,0,0,0,0.075714713615336,0,0.168741287813944,0.098041260768894,0.035714852616708,Bacteria,Proteobacteria,Gammaproteobacteria,Pseudomonadales,Moraxellaceae,Acinetobacter,NA
Seq_395,0.064621051384506,0.0611357666878,0.035185884452988,0.135471587580551,0.208800665904826,0.014919747463643,0.1003359462486,0,0.037849245308988,0,0,0,0.139849708180276,0,0.070756893669822,0.140617739844954,0,0.025397228527437,Bacteria,Proteobacteria,Gammaproteobacteria,Pseudomonadales,Moraxellaceae,Acinetobacter,NA
Seq_19,0,0,1.16199237925234,0,0,1.58934572981123,0.705039193729003,0,0,0,1.48478509689387,1.52338092282226,0,1.10659966053183,0.738332803511183,0,0,1.54129430625883,Bacteria,Bacteroidota,Bacteroidia,Flavobacteriales,Flavobacteriaceae,Polaribacter,NA
Seq_115,0.202479294338119,0.163028711167467,0.125296076344787,0.468658465143527,0.814040433966789,0,0.347592385218365,0.448676233859643,0.095196586686241,0.342023351090661,0.127086869005802,0,0.490406310018833,0,0.229703538870146,0.659069232838522,0.29620976657836,0,Bacteria,Proteobacteria,Gammaproteobacteria,Pseudomonadales,Moraxellaceae,Acinetobacter,NA
Seq_118,0.120625962584411,0,0.362157152174659,0.900702987697715,0.160832945359123,0.142915475704369,0.453303471444569,0.082200226050622,0,0.660671005524046,0.131823025614714,0,0.333774636856924,0.300362765001498,0,0,0.834393708671437,0,Bacteria,Proteobacteria,Gammaproteobacteria,Francisellales,Francisellaceae,Francisellaceae_unclassified,NA
Seq_37,0.092623506984459,0.142650122271533,0.971473687823967,0,0,1.21242579388762,0.481970884658455,0,0.095196586686241,0,1.13273078896476,1.26474239602731,0,0.917728891403468,0.609124562896726,0,0,1.20636835505325,Bacteria,Bacteroidota,Bacteroidia,Flavobacteriales,Flavobacteriaceae,Polaribacter,NA
Seq_295,0,0,0.078953691943291,0,0.376687687814788,0.028268995194271,0.098544232922732,0.07535020721307,0.064229022342524,0.118108783110444,0.048940284958756,0,0.095097801562587,0.088195160914567,0,0.244552591034702,0.14810488328918,0.019047921395578,Bacteria,Proteobacteria,Gammaproteobacteria,Pseudomonadales,Moraxellaceae,Acinetobacter,NA
Seq_829,0.046311753492229,0,0,0,0,0,0.0501679731243,0.280850772339624,0,0.060284691379289,0.080514662351502,0,0,0.024128864778514,0.057425884717536,0,0.038590709026054,0,Bacteria,Bacteroidota,Bacteroidia,Sphingobacteriales,env.OPS 17,env.OPS 17_unclassified,NA
Seq_531,0,0.033964314826556,0,0,0,0.013349247730628,0,0,0,0,0,0,0,0.049921789196925,0,0.138172213934607,0.083439370867144,0.019047921395578,Bacteria,Proteobacteria,Gammaproteobacteria,Pseudomonadales,Moraxellaceae,Acinetobacter,NA
Seq_341,0.051696841107605,0,0.071229961209708,0.194053895723492,0.297682030445394,0.026698495461256,0.07973124300112,0,0.053906500894619,0.109496684341974,0.0465722066543,0,0.082045162132428,0.062402236496156,0.068705969215624,0.207869702379497,0.106385197855608,0.015079604438166,Bacteria,Proteobacteria,Gammaproteobacteria,Pseudomonadales,Moraxellaceae,Acinetobacter,NA
Seq_268,0.082930349276783,0.097364369169459,0.049775153616422,0.216022261277094,0.31320099885724,0.025913245594748,0.156774916013438,0,0.043583979446713,0.189466172906337,0.070252989698859,0,0.192060265900912,0.097347488934003,0.097418911574392,0.248220879900223,0.105342205719769,0.037302179399673,Bacteria,Proteobacteria,Gammaproteobacteria,Pseudomonadales,Moraxellaceae,Acinetobacter,NA
Seq_114,0.143243330568988,0,0.413648690398544,0.919009958992384,0.180584359701471,0,0.454199328107503,0.092475254306949,0.065375969170069,0.669283104292516,0,0,0.320721997426765,0.320331480680268,0,0,0.813533865954651,0,Bacteria,Proteobacteria,Gammaproteobacteria,Francisellales,Francisellaceae,Francisellaceae_unclassified,NA
Seq_43,0,0.149442985236844,0.938862380282174,0,0,1.29016553067186,0.528555431131019,0,0,0,1.01432687374196,0,0,0.826205611209106,0.625531958530308,0,0,1.18890776044064,Bacteria,Bacteroidota,Bacteroidia,Flavobacteriales,Flavobacteriaceae,Polaribacter,NA
Seq_61,0,0,0.744052727335141,0,0,1.05144957125357,0.417469204927212,0,0,0,0.906184631171804,0,0,0.653975438479715,0.466585313329983,0,0,0.986523595612629,Bacteria,Bacteroidota,Bacteroidia,Flavobacteriales,Flavobacteriaceae,Polaribacter,NA
Seq_54,0.238020872599597,0,0.659949881569462,1.60369068541301,0.310379368236904,0.248138957816377,0.869876819708847,0,0.095196586686241,1.18477873057664,0.224967438923314,0,0.61720337876895,0.544979532066429,0,0.512337678217701,1.49147875425019,0.050000793663392,Bacteria,Proteobacteria,Gammaproteobacteria,Francisellales,Francisellaceae,Francisellaceae_unclassified,NA
Seq_105,0.149705435707439,0,0.381037382856751,1.05814294083187,0.197514143423484,0.153123723968967,0.43986562150056,0.092475254306949,0.065375969170069,0.797234285995497,0.146820854876268,0,0.322586660202502,0.324491629780011,0,0,0.880285362648366,0.031746535659296,Bacteria,Proteobacteria,Gammaproteobacteria,Francisellales,Francisellaceae,Francisellaceae_unclassified,NA
Seq_107,0.196017189199668,0.17095371796033,0.13902715320449,0.424721734036321,0.822505325827796,0,0.41478163493841,0.486351337466178,0.111253842271872,0.380162645636742,0.119193274657615,0,0.540752204963732,0.256265184544214,0.245085472276629,0.705534225135115,0.306639687936753,0.077779012365276,Bacteria,Proteobacteria,Gammaproteobacteria,Pseudomonadales,Moraxellaceae,Acinetobacter,NA
Seq_188,0.116317892492111,0.107553663617426,0.095259345714188,0.270943175161101,0.479677205457034,0.051826491189497,0.269652855543113,0,0.066522915997614,0,0.085250818960414,0,0.285293404687762,0,0.146641098475138,0.437749137952117,0.189824568722752,0.051588120446356,Bacteria,Proteobacteria,Gammaproteobacteria,Pseudomonadales,Moraxellaceae,Acinetobacter,NA
Seq_128,0.348953677476333,0.216239471062404,0.221413614362706,0.435705916813122,0.307557737616569,0.162546722367057,0.20515117581187,0,0.111253842271872,0.387544444581144,0.342581994711292,0,0.356150590165768,0.148933337770826,0.291231272496078,0.266562324227825,0.304553703665074,0.150796044381657,Bacteria,Proteobacteria,Gammaproteobacteria,Pseudomonadales,Pseudomonadaceae,Pseudomonas,NA
Seq_78,0,0,0.57413065119632,0,0,0.793887615039105,0.344904815229563,0,0,0,0.69305758377077,0,0,0.554963889905814,0.405057579704052,0,0,0.80874299592057,Bacteria,Bacteroidota,Bacteroidia,Flavobacteriales,Flavobacteriaceae,Polaribacter,NA
Seq_50,0,0,0.792969688647832,0,0,1.0852153155134,0.450615901455767,0,0,0,0.916446303824446,0.964721704945169,0,0.76380337471295,0.499400104597147,0,0,1.03414339910157,Bacteria,Bacteroidota,Bacteroidia,Flavobacteriales,Flavobacteriaceae,Polaribacter,NA
Seq_15,0.315566134261004,0,1.12165734097697,2.62521968365554,0.47544475952653,0.359644438860445,1.3939529675252,0.308250847689831,0.138780566132954,1.93772222290572,0.380471247582587,0,0.919278748438345,0.851166505807568,0.179455889742301,0.793573157907608,2.47710632261833,0.073017032016381,Bacteria,Proteobacteria,Gammaproteobacteria,Francisellales,Francisellaceae,Francisellaceae_unclassified,NA
Seq_130,0.177707891307392,0.166425142650122,0.12701246095225,0.384446397188049,0.737856407217731,0.065175738920124,0.318029115341545,0.366476007809022,0.073404596962885,0.328490053025922,0.130244306745076,0,0.38039120625035,0.233800379405598,0.209194294328168,0.55024332982808,0.250318112601431,0.063493071318592,Bacteria,Proteobacteria,Gammaproteobacteria,Pseudomonadales,Moraxellaceae,Acinetobacter,NA
Seq_240,0.328490344537906,0,0,0,0.284984692653885,0,0.154087346024636,0.76035209096825,0,0.271896261118835,0,0,0.285293404687762,0.341964255998935,0,0,0,0.14841505420721,Bacteria,Fusobacteriota,Fusobacteriia,Fusobacteriales,Fusobacteriaceae,Cetobacterium,NA
Seq_443,0,0,0,0.146455770357352,0.234195341487846,0.020416496529196,0.062709966405375,0,0.056200394549709,0.08119978838843,0.042625409480207,0,0.063398534375058,0,0.052298573582042,0.154068132351862,0.087611339410501,0.013492277655201,Bacteria,Proteobacteria,Gammaproteobacteria,Pseudomonadales,Moraxellaceae,Acinetobacter,NA
Seq_542,0.168014733599716,0.246807354406304,0,0.128148799062683,0,0,0,0,0.247740514749736,0,0.028416939653471,0,0,0,0,0,0.071966457372911,0,Bacteria,Proteobacteria,Gammaproteobacteria,Enterobacterales,Shewanellaceae,Shewanella,NA
Seq_276,0,0,0.047200576705228,0,0.196103328113317,0.037691993592361,0.147816349384099,0,0.060788181859889,0.143945079415854,0.068674270829222,0,0.149173022058961,0.132292741371851,0.113826307207974,0.25433469467609,0.179394647364359,0.020635248178543,Bacteria,Proteobacteria,Gammaproteobacteria,Pseudomonadales,Moraxellaceae,Acinetobacter,NA
Seq_503,0,0.033964314826556,0.023171192200748,0.047598125366139,0.124151747294762,0.021201746395703,0,0,0,0.08119978838843,0.035521174566839,0,0,0.054913968116617,0.059476809171734,0.128390110293219,0,0.011111287480754,Bacteria,Proteobacteria,Gammaproteobacteria,Pseudomonadales,Moraxellaceae,Acinetobacter,NA
Seq_884,0.033387543215328,0,0,0.047598125366139,0,0,0,0,0,0,0.013419110391917,0.63883716118353,0.212571556434019,0,0,0,0,0,Bacteria,Proteobacteria,Gammaproteobacteria,Enterobacterales,Shewanellaceae,Shewanella,NA
Seq_39,0.078622279184482,0,0.951735264838145,0,0,1.32471652479819,0.539305711086226,0,0.116988576409598,0.209150970091411,1.12010103800766,0,0,0.869471161846441,0.599895402852836,0.025678022058644,0,1.28335370402705,Bacteria,Bacteroidota,Bacteroidia,Flavobacteriales,Flavobacteriaceae,Polaribacter,NA
Seq_9,0.16478368103049,0.252468073544063,1.75671964573822,0,0,2.45390583283601,1.01590145576708,0,0.189246226544937,0.358017248803533,1.99155385404744,0,0,1.71564548873432,1.05109878277634,0.04524222934142,0.140803938338305,2.3095604692138,Bacteria,Bacteroidota,Bacteroidia,Flavobacteriales,Flavobacteriaceae,Polaribacter,NA
Seq_176,0.136781225430538,0.133592971651119,0.100408499536576,0,0.553039601585756,0.056537990388542,0.243673012318029,0.34250094187759,0.064229022342524,0.199308571498874,0.094723132178237,0,0.300210706893658,0.156421606150364,0.167150343017115,0.401066249296911,0.189824568722752,0.051588120446356,Bacteria,Proteobacteria,Gammaproteobacteria,Pseudomonadales,Moraxellaceae,Acinetobacter,NA
Seq_434,0.058158946246055,0.058871479032696,0.029178538326868,0.131810193321617,0.158011314738788,0.015704997330151,0.07973124300112,0,0,0.111957283990108,0.037099893436476,0,0.110015103768483,0,0.066655044761426,0.143063265755301,0,0.030952872267814,Bacteria,Proteobacteria,Gammaproteobacteria,Pseudomonadales,Moraxellaceae,Acinetobacter,NA
Seq_426,0.049542806061455,0.047550040757178,0.040335038275377,0.131810193321617,0.158011314738788,0,0.095856662933931,0,0.026379777033537,0.123029982406713,0.04104669061057,0,0.119338417647169,0.068226445235797,0,0.124721821427698,0.063622520286197,0.025397228527437,Bacteria,Proteobacteria,Gammaproteobacteria,Pseudomonadales,Moraxellaceae,Acinetobacter,NA
Seq_354,0.060312981292206,0.053210759894937,0.037760461364183,0,0.165065391289626,0.025127995728241,0.107502799552072,0,0.035555351653897,0.111957283990108,0.049729644393575,0,0.089503813235376,0.092355310014311,0.08101151594081,0.187082732141547,0.110557166398965,0,Bacteria,Proteobacteria,Gammaproteobacteria,Pseudomonadales,Moraxellaceae,Acinetobacter,NA
Seq_137,0.16047561093819,0.118875101892944,0.115855961003742,0.395430579964851,0.65743993453817,0.065175738920124,0.294736842105263,0.411001130253108,0.080286277928155,0.250981164109694,0.119193274657615,0,0.413955136213616,0.172230172729391,0.197914209830081,0.517228730038395,0.258662049688145,0.078572675756758,Bacteria,Proteobacteria,Gammaproteobacteria,Pseudomonadales,Moraxellaceae,Acinetobacter,NA
Seq_472,0.095854559553684,0,0.086677422676873,0,0,0.062034739454094,0.069876819708847,0.243175668733089,0,0,0,0,0.134255719853065,0.040769461177489,0.110749920526677,0.083147880951799,0.04380566970525,0,Bacteria,Proteobacteria,Gammaproteobacteria,Pseudomonadales,Moraxellaceae,Acinetobacter,NA
Seq_709,0.04846578853838,0,0,0,0,0,0.05464725643897,0.287700791177176,0,0.088581587332833,0.068674270829222,0,0,0.048257729557027,0.082036978167909,0,0.051106614656126,0,Bacteria,Bacteroidota,Bacteroidia,Sphingobacteriales,env.OPS 17,env.OPS 17_unclassified,NA
Seq_186,0.151859470753589,0.10981795127253,0.096975730321651,0.318541300527241,0.529055741312905,0,0.241881298992161,0.294550810014728,0.058494288204799,0.199308571498874,0.090776335004144,0,0.29275205579071,0.138948979931441,0,0.416962167714167,0,0.051588120446356,Bacteria,Proteobacteria,Gammaproteobacteria,Pseudomonadales,Moraxellaceae,Acinetobacter,NA
Seq_417,0.061389998815281,0,0.052349730527617,0.168424135910955,0.227141264937007,0,0,0,0.047024819929348,0.077508888916229,0,0,0.100691789889798,0,0.069731431442723,0.156513658262209,0.087611339410501,0,Bacteria,Proteobacteria,Gammaproteobacteria,Pseudomonadales,Moraxellaceae,Acinetobacter,NA
Seq_38,0.10770175230751,0.149442985236844,0.993786687720984,0,0,1.27053428400917,0.553639417693169,0,0.121576363719778,0.241138765517157,1.12878399179066,0,0,0.906080473924185,0.608099100669627,0,0,1.36748202352418,Bacteria,Bacteroidota,Bacteroidia,Flavobacteriales,Flavobacteriaceae,Polaribacter,NA
Seq_270,0.091546489461384,0.088307218549045,0.046342384401497,0,0.283573877343717,0.022772246128718,0.154087346024636,0,0.043583979446713,0.184544973610069,0.059991317046217,0,0.21816554476123,0.112324025693081,0.109724458299579,0.237216013303661,0.123073072029037,0.034921189225226,Bacteria,Proteobacteria,Gammaproteobacteria,Pseudomonadales,Moraxellaceae,Acinetobacter,NA
Seq_334,0,0.347568155058419,0,0,0,0,0,0.212350583964106,0.224801578198835,0,0,0,0.305804695220869,0,0,0,0.232587246292163,0.154764361339069,Bacteria,Firmicutes,Bacilli,Staphylococcales,Staphylococcaceae,Staphylococcus,NA
Seq_389,0,0.123403677203152,0,0,0,0,0,0.40072610199678,0.144515300270679,0,0,0,0.229353521415652,0,0,0.122276295517351,0.14810488328918,0,Bacteria,Actinobacteriota,Actinobacteria,Propionibacteriales,Propionibacteriaceae,Cutibacterium,NA
Seq_511,0.056004911199905,0,0.04205142288284,0.135471587580551,0.211622296525162,0.010208248264598,0,0,0,0.061514991203356,0.030785017957927,0,0,0.043265550637335,0.059476809171734,0,0.081353386595465,0,Bacteria,Proteobacteria,Gammaproteobacteria,Pseudomonadales,Moraxellaceae,Acinetobacter,NA
Seq_141,0.26602332819955,0.175482293270537,0.19309326833957,0.33684827182191,0.222908819006504,0.140559726104847,0.174692049272116,0,0.121576363719778,0.366629347572003,0.281011958795437,0,0.315128009099554,0.124804472992312,0.266620179045705,0.235993250348487,0.254490081144788,0.177780599692059,Bacteria,Proteobacteria,Gammaproteobacteria,Pseudomonadales,Pseudomonadaceae,Pseudomonas,NA
Seq_119,0.172322803692016,0.157367992029707,0.125296076344787,0.391769185705917,0.784413312453267,0.06988723811917,0.390593505039194,0.366476007809022,0.087167958893426,0.302653756720513,0.133401744484351,0,0.449383728952619,0.257097214364163,0.238932698914035,0.666405810569563,0.273263939589895,0.068255051667487,Bacteria,Proteobacteria,Gammaproteobacteria,Pseudomonadales,Moraxellaceae,Acinetobacter,NA
Seq_48,0.376956133076285,0.326057422334933,0.241152037348529,0.823813708260105,1.56459417897603,0.157835223168012,0.69070548712206,0.780902147480906,0.152543928063495,0.578240917311549,0.225756798358132,0,0.857744876839024,0.483409325390222,0.440948757652512,1.30468807317014,0.511066146561255,0.140478420292386,Bacteria,Proteobacteria,Gammaproteobacteria,Pseudomonadales,Moraxellaceae,Acinetobacter,NA
Seq_241,0.099085612122909,0.103025088307219,0.057498884350005,0.230667838312829,0.337184859130091,0.032980494393316,0.189025755879059,0,0.049318713584438,0.233756966572754,0.069463630264041,0,0.229353521415652,0.122308383532466,0.113826307207974,0.260448509451958,0.106385197855608,0.03968316957412,Bacteria,Proteobacteria,Gammaproteobacteria,Pseudomonadales,Moraxellaceae,Acinetobacter,NA
Seq_121,0,0,0.383611959767945,0.948301113063855,0.16929783722013,0,0.450615901455767,0.113025310819605,0,0.602846913792891,0.131033666179895,0,0,0.324491629780011,0,0.284903768555428,0.78537307828699,0,Bacteria,Proteobacteria,Gammaproteobacteria,Francisellales,Francisellaceae,Francisellaceae_unclassified,NA
Seq_329,0,0.044153609274522,0.034327692149257,0.080550673696544,0.141081531016775,0.028268995194271,0.095856662933931,0.147275405007364,0.040143138964078,0.0898118871569,0.037889252871295,0.69056486654252,0.09323313878685,0.062402236496156,0.071782355896921,0.180968917365679,0.089697323682179,0.011904950872236,Bacteria,Proteobacteria,Gammaproteobacteria,Pseudomonadales,Moraxellaceae,Acinetobacter,NA
Seq_138,0.124934032676712,0.126800108685807,0.101266691840308,0.322202694786175,0.567147754687434,0.051041241322989,0.232026875699888,0.274000753502072,0.088314905720971,0.233756966572754,0.085250818960414,1.28543347817091,0.316992671875291,0.155589576330416,0.158946645200324,0.469540974786628,0.209641419303698,0.061112081144145,Bacteria,Proteobacteria,Gammaproteobacteria,Pseudomonadales,Moraxellaceae,Acinetobacter,NA
Seq_555,0,0.032832170999004,0,0,0.097346256401575,0.016490247196658,0,0.113025310819605,0,0,0.035521174566839,0,0,0,0.06357865808013,0.102712088234575,0,0.009523960697789,Bacteria,Proteobacteria,Gammaproteobacteria,Pseudomonadales,Moraxellaceae,Acinetobacter,NA
Seq_59,0,0,0.747485496550067,0,0,1.03652982378993,0.41478163493841,0,0,0,0.802778545210562,0.954376163873371,0,0.619030186041868,0.487094557871961,0,0,0.965888347434086,Bacteria,Bacteroidota,Bacteroidia,Flavobacteriales,Flavobacteriaceae,Polaribacter,NA
Seq_403,0.051696841107605,0,0.056640692046274,0.157439953134153,0.23137371086751,0.018845996796181,0.083314669652856,0.102750282563277,0.034408404826352,0.075048289268095,0.050519003828393,0,0.076451173805217,0.064898325956002,0.056400422490438,0.155290895307036,0.078224410187947,0.018254258004095,Bacteria,Proteobacteria,Gammaproteobacteria,Pseudomonadales,Moraxellaceae,Acinetobacter,NA
Seq_97,1.49705435707439,1.60085137215832,0,0,0,0,0,0,1.8981969995871,0,0,0,0,0,0,0,0,0.117462181939396,Bacteria,Proteobacteria,Gammaproteobacteria,Enterobacterales,Shewanellaceae,Shewanella,NA
Seq_419,0,0.04302146544697,0.0300367306306,0.07688927943761,0.132616639155768,0.020416496529196,0.105711086226204,0.13357536733226,0.038996192136533,0.09842398592537,0.038678612306114,0,0,0.058242087396412,0.074858742578217,0.154068132351862,0,0,Bacteria,Proteobacteria,Gammaproteobacteria,Pseudomonadales,Moraxellaceae,Acinetobacter,NA
Seq_1059,0,0.07358934879087,0,0.084212067955477,0,0,0,0,0.013763361930541,0.189466172906337,0.059201957611398,0,0.024240616084581,0,0,0,0,0,Bacteria,Proteobacteria,Gammaproteobacteria,Enterobacterales,Shewanellaceae,Shewanella,NA
Seq_489,0,0,0,0,0,0,0.052855543113102,0.482926328047402,0.073404596962885,0.302653756720513,0,0,0,0.039105401537591,0.134335551749951,0,0,0,Bacteria,Actinobacteriota,Actinobacteria,Corynebacteriales,Corynebacteriaceae,Lawsonella,NA
Seq_363,0.05708192872298,0.058871479032696,0.033469499845525,0.131810193321617,0.210211481214994,0.018845996796181,0.099440089585666,0,0.024085883378447,0.159938977128726,0.049729644393575,0,0.151037684834698,0.069890504875695,0.060502271398833,0.143063265755301,0.071966457372911,0.033333862442261,Bacteria,Proteobacteria,Gammaproteobacteria,Pseudomonadales,Moraxellaceae,Acinetobacter,NA
Seq_66,0,0,0.722597919741856,0,0,0.922668593146339,0.36013437849944,0,0,0,0.828038047124758,0,0,0.668119945418844,0.445050606560907,0,0,0.881760027936951,Bacteria,Bacteroidota,Bacteroidia,Flavobacteriales,Flavobacteriaceae,Polaribacter,NA
Seq_277,0.091546489461384,0,0,0.292911540714704,0.410547255258814,0.028268995194271,0.094064949608063,0.109600301400829,0.07913933110061,0.118108783110444,0.065516833089948,0,0.104421115441272,0.097347488934003,0.09946983602859,0.259225746496784,0.125159056300715,0.019047921395578,Bacteria,Proteobacteria,Gammaproteobacteria,Pseudomonadales,Moraxellaceae,Acinetobacter,NA
Seq_495,0.04846578853838,0.054342903722489,0.028320346023137,0.113503222026948,0.150957238187949,0,0.077939529675252,0,0,0.109496684341974,0,0,0.11187976654422,0,0,0.113716954831136,0,0.023809901744472,Bacteria,Proteobacteria,Gammaproteobacteria,Pseudomonadales,Moraxellaceae,Acinetobacter,NA
Seq_209,0,0.0917036500317,0.074662730424634,0,0.464158237045188,0.054967490655527,0.217693169092945,0.301400828852279,0,0.200538871322941,0.065516833089948,0,0.279699416360551,0,0.134335551749951,0.394952434521044,0.186695592315234,0.038889506182638,Bacteria,Proteobacteria,Gammaproteobacteria,Pseudomonadales,Moraxellaceae,Acinetobacter,NA
Seq_294,0.082930349276783,0,0.070371768905976,0,0.372455241884285,0.017275497063166,0.093169092945129,0.147275405007364,0.063082075514979,0.121799682582645,0.059201957611398,0,0,0.080706892535029,0.09946983602859,0.260448509451958,0.142889922609984,0,Bacteria,Proteobacteria,Gammaproteobacteria,Pseudomonadales,Moraxellaceae,Acinetobacter,NA
Seq_65,0,0,0.722597919741856,0,0,0.955649087539655,0.38521836506159,0,0,0,0.801989185775743,0.819884129939996,0,0.632342663161048,0.42454136201893,0,0,0.862712106541374,Bacteria,Bacteroidota,Bacteroidia,Flavobacteriales,Flavobacteriaceae,Polaribacter,NA
Seq_154,0.117394910015186,0.113214382755185,0.089251999588068,0.314879906268307,0.572791015928105,0,0.227547592385218,0.308250847689831,0.061935128687434,0,0.079725302916683,1.26732878129526,0.281564079136288,0.155589576330416,0.139462862885446,0.445085715683158,0.188781576586913,0.041270496357085,Bacteria,Proteobacteria,Gammaproteobacteria,Pseudomonadales,Moraxellaceae,Acinetobacter,NA
Seq_174,0.234789820030372,0,0.136452576293296,0,0.191870882182813,0.102867732512485,0.155879059350504,0,0.095196586686241,0.334641552146258,0,0,0.328180648529713,0,0.264569254591507,0,0,0.111112874807537,Bacteria,Proteobacteria,Gammaproteobacteria,Pseudomonadales,Pseudomonadaceae,Pseudomonas,NA
Seq_375,0.05277385863068,0.060003622860248,0,0,0.222908819006504,0.021201746395703,0,0.181525499195123,0,0.104575485045706,0,0,0.068992522702269,0.068226445235797,0.065629582534327,0.238438776258834,0.10325622144809,0.023809901744472,Bacteria,Proteobacteria,Gammaproteobacteria,Pseudomonadales,Moraxellaceae,Acinetobacter,NA
Seq_195,0.11200982239981,0.108685807444978,0.088393807284336,0.28925014645577,0.489552912628208,0.053396990922512,0.238297872340426,0,0.07913933110061,0.206690370443277,0.08130402178632,0,0,0.151429427230672,0,0.409625589983126,0.185652600179395,0.044445149923015,Bacteria,Proteobacteria,Gammaproteobacteria,Pseudomonadales,Moraxellaceae,Acinetobacter,NA
Seq_469,0,0.041889321619419,0,0,0.124151747294762,0.025127995728241,0,0.147275405007364,0.030967564343717,0.102114885397571,0.039467971740932,0,0.113744429319957,0,0.059476809171734,0.147954317575995,0,0,Bacteria,Proteobacteria,Gammaproteobacteria,Pseudomonadales,Moraxellaceae,Acinetobacter,NA
Seq_333,0.070006138999882,0.060003622860248,0.033469499845525,0.139132981839484,0.225730449626839,0.018060746929673,0.147816349384099,0,0.036702298481442,0.130411781351115,0.043414768915026,0,0.167819649816331,0.085699071454721,0.075884204805316,0.193196546917415,0.077181418052108,0.030952872267814,Bacteria,Proteobacteria,Gammaproteobacteria,Pseudomonadales,Moraxellaceae,Acinetobacter,NA
Seq_254,0.102316664692135,0,0.095259345714188,0.270943175161101,0.441585192082504,0.032195244526808,0.120940649496081,0,0.067669862825159,0.120569382758578,0.083672100090776,0,0.12493240597438,0.11981229407262,0.0902406759847,0.280012716734734,0.150190867560859,0.020635248178543,Bacteria,Proteobacteria,Gammaproteobacteria,Pseudomonadales,Moraxellaceae,Acinetobacter,NA
Seq_439,0.04846578853838,0.044153609274522,0.027462153719405,0.142794376098418,0.166476206599794,0.014919747463643,0.077939529675252,0,0.026379777033537,0.10703608469384,0.030785017957927,0,0.156631673161909,0.069890504875695,0.056400422490438,0,0.064665512422036,0.033333862442261,Bacteria,Proteobacteria,Gammaproteobacteria,Pseudomonadales,Moraxellaceae,Acinetobacter,NA
Seq_29,0.100162629645984,0.191332306856263,1.00322680306203,0,0,1.36005276879103,0.584098544232923,0,0.116988576409598,0.209150970091411,1.1769349173146,1.18715083798883,0,0.985123306819316,0.629633807438703,0.02445525910347,0,1.30160796203114,Bacteria,Bacteroidota,Bacteroidia,Flavobacteriales,Flavobacteriaceae,Polaribacter,NA
Seq_162,0,0.112082238927633,0.097833922625382,0.340509666080844,0.60100732213146,0.059678989854572,0.247256438969765,0.291125800595952,0,0,0.094723132178237,0,0.322586660202502,0.198023097147802,0.202016058738476,0.471986500696975,0.228415277748806,0.051588120446356,Bacteria,Proteobacteria,Gammaproteobacteria,Pseudomonadales,Moraxellaceae,Acinetobacter,NA
Seq_42,0,0,0.89423638048814,0,0,0,0,0,0.102078267651512,0,1.07826498796227,0,0,0.877791460045928,0.613226411805121,0.04891051820694,0.076138425916269,1.23732122732107,Bacteria,Bacteroidota,Bacteroidia,Flavobacteriales,Flavobacteriaceae,Polaribacter,NA
Seq_44,0,0.153971560547052,0.970615495520236,0,0,1.24933253761347,0.51959686450168,0,0,0.206690370443277,1.07431819078818,0,0,0.827869670849003,0.600920865079935,0,0.077181418052108,1.13255765964539,Bacteria,Bacteroidota,Bacteroidia,Flavobacteriales,Flavobacteriaceae,Polaribacter,NA
Seq_399,0.066775086430656,0.046417896929626,0.029178538326868,0,0.150957238187949,0.025127995728241,0.088689809630459,0.13357536733226,0.038996192136533,0.103345185221639,0.042625409480207,0,0,0.069058475055746,0,0.152845369396689,0.106385197855608,0.022222574961507,Bacteria,Proteobacteria,Gammaproteobacteria,Pseudomonadales,Moraxellaceae,Acinetobacter,NA
Seq_102,0.146474383138214,0,0.413648690398544,1.0618043350908,0.214443927145497,0.165687721833087,0.490929451287794,0.102750282563277,0.07225765013534,0.738179894440275,0.15708252752891,0,0.385985194577561,0.306186973741139,0,0.304467975838204,0.871941425561651,0.033333862442261,Bacteria,Proteobacteria,Gammaproteobacteria,Francisellales,Francisellaceae,Francisellaceae_unclassified,NA
Seq_142,0.299410871414878,0.184539443890952,0.208540729806735,0.322202694786175,0.218676373076001,0.140559726104847,0.192609182530795,0,0.103225214479057,0.360477848451668,0.260488613490153,0,0.354285927390032,0.127300562452158,0.272772952408298,0.239661539214008,0.270134963182378,0.103176240892713,Bacteria,Proteobacteria,Gammaproteobacteria,Pseudomonadales,Pseudomonadaceae,Pseudomonas,NA
Seq_52,0.230481749938071,0,0.661666266176925,1.70254833040422,0.286395507964052,0.25677670634796,0.769540873460246,0,0.084874065238336,1.18969992987291,0.247858862533054,0,0.578045460478472,0.578260724864379,0,0.572253063021203,1.57700410938902,0.048413466880427,Bacteria,Proteobacteria,Gammaproteobacteria,Francisellales,Francisellaceae,Francisellaceae_unclassified,NA
Seq_17,0,0,1.22464041742474,0,0,1.62939347300311,0.729227323628219,0,0,0,1.41137466945574,1.59062693978895,0,1.17649016540753,0.779351292595137,0,0,1.53018301877808,Bacteria,Bacteroidota,Bacteroidia,Flavobacteriales,Flavobacteriaceae,Polaribacter,NA
Seq_28,0.128165085245937,0,0.974906457038893,0,0,1.3671200175896,0.595744680851064,0,0.107813001789237,0.193157072378539,1.18482851166279,0,0,0.924385129963058,0.647066665299384,0,0.073009449508751,1.36986301369863,Bacteria,Bacteroidota,Bacteroidia,Flavobacteriales,Flavobacteriaceae,Polaribacter,NA
Seq_466,0.051696841107605,0,0.041193230579108,0.131810193321617,0.222908819006504,0.01256399786412,0.053751399776036,0,0.043583979446713,0.075048289268095,0,0,0.07458651102948,0,0,0.156513658262209,0,0.01984158478706,Bacteria,Proteobacteria,Gammaproteobacteria,Pseudomonadales,Moraxellaceae,Acinetobacter,NA
Seq_146,0.388803325830111,0.135857259306222,0.199100614465689,0.530902167545401,0.16929783722013,0,0.143337066069429,0.465801280953523,0.355553516538973,0.612689312385428,0,0,0.279699416360551,0.128132592272107,0.330198837125834,0.134503925069086,0.259705041823985,0,Bacteria,Actinobacteriota,Actinobacteria,Propionibacteriales,Propionibacteriaceae,Cutibacterium,NA
Seq_33,0.10554771726136,0.192464450683815,0.929422264941128,0,0,1.38203976505324,0.567973124300112,0,0.112400789099417,0.218993368683948,1.22982199944745,0,0,0.988451426099112,0.654244900889076,0.063583673669023,0.077181418052108,1.27621073350371,Bacteria,Bacteroidota,Bacteroidia,Flavobacteriales,Flavobacteriaceae,Polaribacter,NA
Seq_164,0.224019644799621,0,0.162198345405238,0.333186877562976,0,0.121713729308666,0,0,0.090608799376061,0.353096049507265,0.264435410664246,0,0,0.120644323892568,0.240983623368233,0,0.25136110473727,0.127779806028667,Bacteria,Proteobacteria,Gammaproteobacteria,Pseudomonadales,Pseudomonadaceae,Pseudomonas,NA
Seq_335,0.101239647169059,0,0.111564999485085,0,0,0.045544492257436,0.096752519596865,0.308250847689831,0.127311097857503,0,0,0,0.141714370956013,0.061570206676207,0.107673533845381,0.09048445868284,0.073009449508751,0.144446737249798,Bacteria,Proteobacteria,Gammaproteobacteria,Pseudomonadales,Moraxellaceae,Acinetobacter,NA
Seq_247,0.10554771726136,0.235485916130785,0.176787614568673,0,0.132616639155768,0,0.076147816349384,0,0.083727118410791,0.246059964813425,0.243912065358961,0,0,0.057410057576464,0.056400422490438,0.199310361693282,0.140803938338305,0.055556437403768,Bacteria,Proteobacteria,Gammaproteobacteria,Pseudomonadales,Pseudomonadaceae,Pseudomonas,NA
Seq_429,0,0.070192917308215,0,0.124487404803749,0.194692512803149,0,0.058230683090706,0.126725348494708,0,0.075048289268095,0,0,0.076451173805217,0.063234266316105,0.076909667032415,0.196864835782935,0.090740315818019,0.01984158478706,Bacteria,Proteobacteria,Gammaproteobacteria,Pseudomonadales,Moraxellaceae,Acinetobacter,NA
Seq_336,0,0,0.121863307129862,0,0,0,0,0,0.06996375648025,0.193157072378539,0,0,0,0,0,0.136949450979433,0.084482363002983,0.04603247670598,Bacteria,Proteobacteria,Gammaproteobacteria,Pseudomonadales,Pseudomonadaceae,Pseudomonas,NA
Seq_406,0.053850876153755,0.062267910515352,0,0,0.193281697492981,0,0.068980963045913,0.154125423844916,0,0.076278589092162,0,0,0.07458651102948,0.062402236496156,0.066655044761426,0.202978650558803,0.113686142806483,0.024603565135955,Bacteria,Proteobacteria,Gammaproteobacteria,Pseudomonadales,Moraxellaceae,Acinetobacter,NA
Seq_437,0,0.036228602481659,0,0,0.14390316163711,0.024342745861733,0.078835386338186,0.19180052745145,0,0.088581587332833,0,0,0.076451173805217,0.062402236496156,0,0.158959184172556,0.110557166398965,0.011111287480754,Bacteria,Proteobacteria,Gammaproteobacteria,Pseudomonadales,Moraxellaceae,Acinetobacter,NA
Seq_60,0.21755753966117,0,0.647076997013491,1.46089630931459,0.292038769204723,0.214373213556554,0.799104143337066,0,0.092902693031151,1.19216052952104,0.216284485140309,0,0,0.528338935667454,0,0.431635323176249,1.41846930474144,0.052381783837839,Bacteria,Proteobacteria,Gammaproteobacteria,Francisellales,Francisellaceae,Francisellaceae_unclassified,NA
Seq_661,0.05492789367683,0.138121546961326,0,0,0,0,0,0.363050998390246,0.047024819929348,0.121799682582645,0,0,0,0,0.115877231662172,0.057469858893155,0,0,Bacteria,Firmicutes,Bacilli,Staphylococcales,Staphylococcaceae,Staphylococcus,NA
Seq_245,0.114163857445961,0.100760800652115,0.047200576705228,0.208699472759227,0.34423893568093,0.023557495995226,0.182754759238522,0,0.055053447722164,0.223914567980217,0.070252989698859,0,0.251729474724496,0.116484174792825,0.111775382753776,0.218874568976058,0.126202048436555,0.047619803488944,Bacteria,Proteobacteria,Gammaproteobacteria,Pseudomonadales,Moraxellaceae,Acinetobacter,NA
Seq_1,0.261715258107249,0.461914681641156,2.75908825649652,0.428383128295255,0,3.91525583440651,1.65733482642777,0,0.303940909299445,0.567168218894945,3.33820104984805,11.9206496999793,0,2.76733118114953,1.69611452362152,0.084370643906972,0.197125513673627,3.79212368450293,Bacteria,Bacteroidota,Bacteroidia,Flavobacteriales,Flavobacteriaceae,Polaribacter,NA
Seq_398,0.05492789367683,0.065664341998007,0.04205142288284,0,0,0.014919747463643,0.060918253079507,0,0,0.086120987684699,0,0,0.085774487683902,0.068226445235797,0.058451346944635,0.224988383751926,0.099084252904733,0.025397228527437,Bacteria,Proteobacteria,Gammaproteobacteria,Pseudomonadales,Moraxellaceae,Acinetobacter,NA
Seq_377,0.065698068907581,0,0.051491538223885,0,0.263822463001369,0.019631246662688,0.070772676371781,0.109600301400829,0.048171766756893,0.083660388036565,0.0465722066543,0,0.082045162132428,0.061570206676207,0.072807818124019,0.180968917365679,0.078224410187947,0,Bacteria,Proteobacteria,Gammaproteobacteria,Pseudomonadales,Moraxellaceae,Acinetobacter,NA
Seq_157,0.144320348092063,0.131328683996015,0.100408499536576,0,0.579845092478944,0.054967490655527,0.253527435610302,0.301400828852279,0.07913933110061,0.252211463933761,0.113667758613885,0,0.402767159559194,0.183046560388724,0,0.542906752097039,0.203383466488663,0.078572675756758,Bacteria,Proteobacteria,Gammaproteobacteria,Pseudomonadales,Moraxellaceae,Acinetobacter,NA
Seq_4,0.15616754084589,0.309075264921656,2.0485050290069,0,0,2.77978452743663,1.14042553191489,0,0.227095471853925,0.413380740886554,2.36965702332557,0,0.128661731525854,1.87872333344427,1.23773290810833,0,0.151233859696698,2.72305909617613,Bacteria,Bacteroidota,Bacteroidia,Flavobacteriales,Flavobacteriaceae,Polaribacter,NA
Seq_96,0.204633329384269,0.1834073000634,0.151900037760461,0.461335676625659,0.902921798507357,0.083236485849797,0.405823068309071,0.541151488166592,0.119282470064688,0.396156543349614,0.158661246398548,0,0.555669507169628,0.281226079142676,0.316867828173549,0.751999217431709,0.3264565385177,0.076191685582311,Bacteria,Proteobacteria,Gammaproteobacteria,Pseudomonadales,Moraxellaceae,Acinetobacter,NA
Seq_274,0,0.151707272891948,0.13902715320449,0.461335676625659,0.14390316163711,0.105223482112008,0,1.01380278795767,0.114694682754508,0.167320776073129,0,0,0.14357903373175,0,0.151768409610632,0.122276295517351,0.114729134942323,0,Bacteria,Proteobacteria,Gammaproteobacteria,Enterobacterales,Aeromonadaceae,Aeromonas,NA
Seq_350,0.05492789367683,0.037360746309211,0.024887576808211,0.058582308142941,0.136849085086271,0.025913245594748,0,0.157550433263691,0,0,0.04104669061057,0.654355472791227,0.083909824908165,0,0.069731431442723,0,0.112643150670644,0,Bacteria,Proteobacteria,Gammaproteobacteria,Pseudomonadales,Moraxellaceae,Acinetobacter,NA
Seq_538,0.170168768645866,0.272846662439996,0,0,0,0,0,0,0.289030600541359,0,0.022891423609741,0,0,0,0,0,0,0.032540199050779,Bacteria,Proteobacteria,Gammaproteobacteria,Enterobacterales,Shewanellaceae,Shewanella,NA
Seq_98,0.224019644799621,0.174350149442985,0.160481960797776,0.5199179847686,0.90151098319719,0.095800483713918,0.390593505039194,0.537726478747817,0.130751938340139,0.412150441062487,0.15708252752891,0,0.469895019485726,0.283722168602523,0.272772952408298,0.761781321073097,0.34105842841945,0.077779012365276,Bacteria,Proteobacteria,Gammaproteobacteria,Pseudomonadales,Moraxellaceae,Acinetobacter,NA
Seq_129,0.130319120292087,0,0.344993306100031,0,0.172119467840465,0,0,0,0.057347341377254,0.632374109570502,0.130244306745076,0,0.354285927390032,0,0,0,0.774943156928597,0,Bacteria,Proteobacteria,Gammaproteobacteria,Francisellales,Francisellaceae,Francisellaceae_unclassified,NA
Seq_100,0.510506305937598,0.204918032786885,0.283203460231369,0.768892794376098,0.234195341487846,0,0.198880179171333,0.664451827242525,0.475982933431206,0.856288677550719,0.11051032087461,0,0.41768446176509,0.183878590208673,0.451203379923501,0.220097331931232,0.4140678779282,0,Bacteria,Actinobacteriota,Actinobacteria,Propionibacteriales,Propionibacteriaceae,Cutibacterium,NA
Seq_1081,0,0,0,0,0,0,0.052855543113102,0.167825461520019,0,0,0,0,0,0.040769461177489,0.052298573582042,0.056247095937982,0.051106614656126,0,Bacteria,Proteobacteria,Gammaproteobacteria,Pseudomonadales,Moraxellaceae,Acinetobacter,NA
Seq_910,0,0,0,0,0,0,0.070772676371781,0.195225536870226,0,0,0,0,0,0.042433520817386,0.070756893669822,0.079479592086278,0.053192598927804,0,Bacteria,Proteobacteria,Gammaproteobacteria,Pseudomonadales,Moraxellaceae,Acinetobacter,NA
Seq_196,0.274639468384151,0.117742958065393,0.160481960797776,0.490626830697129,0.121330116674426,0.053396990922512,0.111086226203807,0.352775970133918,0.279855025920998,0.461362434025172,0,0,0.242406160845811,0.097347488934003,0.238932698914035,0,0.247189136193913,0,Bacteria,Actinobacteriota,Actinobacteria,Propionibacteriales,Propionibacteriaceae,Cutibacterium,NA
Seq_73,0,0,0.623047612509011,0,0,0.801740113704181,0.336842105263158,0,0,0,0.746734025338438,0,0,0.596565380903252,0.389675646297569,0,0,0.842076858362831,Bacteria,Bacteroidota,Bacteroidia,Flavobacteriales,Flavobacteriaceae,Polaribacter,NA
Seq_16,0.096931577076759,0.2139751834073,1.29587037863444,0,0,1.77073844897446,0.72026875699888,0,0.120429416892233,0.294041657952043,1.40505979397719,0,0,1.18397843378707,0.826522555041685,0,0.086568347274662,1.72780520325719,Bacteria,Bacteroidota,Bacteroidia,Flavobacteriales,Flavobacteriaceae,Polaribacter,NA
Seq_34,0.093700524507534,0.143782266099085,0.925989495726202,0.109841827768014,0,1.30587052800201,0.576931690929451,0,0.107813001789237,0.218993368683948,1.083790504006,0,0,0.861150863646953,0.639888429709692,0,0.070923465237072,1.25478182193368,Bacteria,Bacteroidota,Bacteroidia,Flavobacteriales,Flavobacteriaceae,Polaribacter,NA
Seq_58,0,0,0.702859496756033,0,0,1.00040832993058,0.421052631578947,0,0,0,0.819355093341753,0.964721704945169,0,0.635670782440843,0.531189433637212,0,0,0.977793298306322,Bacteria,Bacteroidota,Bacteroidia,Flavobacteriales,Flavobacteriaceae,Polaribacter,NA
Seq_199,0,0,0.075520922728365,0.303895723491506,0.541753079104415,0,0.223964165733483,0.304825838271055,0,0,0.080514662351502,0,0.287158067463499,0.137284920291543,0.157921182973225,0.391284145655523,0.183566615907716,0.046826140097462,Bacteria,Proteobacteria,Gammaproteobacteria,Pseudomonadales,Moraxellaceae,Acinetobacter,NA
Seq_113,0.136781225430538,0,0.388761113590333,0.981253661394259,0.196103328113317,0.138989226371832,0.438073908174692,0.106175291982053,0,0.724646596375537,0.137348541658444,0,0.307669357996606,0.288714347522215,0,0.258002983541611,0.795802999645383,0.032540199050779,Bacteria,Proteobacteria,Gammaproteobacteria,Francisellales,Francisellaceae,Francisellaceae_unclassified,NA
Seq_12,0,0,1.33534722460609,0,0,1.76131545057637,0.727435610302352,0,0.15369087489104,0.296502257600177,1.45400007893594,5.74436168011587,0,1.27466968416148,0.825497092814586,0,0.10429921358393,1.7905046111843,Bacteria,Bacteroidota,Bacteroidia,Flavobacteriales,Flavobacteriaceae,Polaribacter,NA
Seq_158,0.131396137815162,0.125667964858256,0.093542961106725,0.358816637375513,0.585488353719615,0.065175738920124,0.267861142217245,0.315100866527383,0.067669862825159,0.23129636692462,0.089197616134507,0,0.389714520129035,0.182214530568776,0.194837823148784,0.503778337531486,0.241974175514717,0.058731090969698,Bacteria,Proteobacteria,Gammaproteobacteria,Pseudomonadales,Moraxellaceae,Acinetobacter,NA
Seq_127,0.118471927538261,0,0.382753767464213,0.922671353251318,0.15660049942862,0.117787479976128,0.404927211646137,0.116450320238381,0.048171766756893,0.659440705699979,0.128665587875439,0,0.307669357996606,0.277065930042933,0,0.240884302169181,0.757212290619329,0,Bacteria,Proteobacteria,Gammaproteobacteria,Francisellales,Francisellaceae,Francisellaceae_unclassified,NA
Seq_178,0.126011050199787,0.135857259306222,0.082386461158216,0.391769185705917,0.495196173868879,0.036906743725854,0.278611422172452,0,0.075698490617975,0.351865749683198,0.097091210482693,0,0.358015252941506,0.151429427230672,0.159972107427423,0.342373627448583,0.181480631636037,0.05952475436118,Bacteria,Proteobacteria,Gammaproteobacteria,Pseudomonadales,Moraxellaceae,Acinetobacter,NA
Seq_409,0.05061982358453,0.04868218458473,0,0.058582308142941,0.14390316163711,0.017275497063166,0.103023516237402,0,0.029820617516172,0.109496684341974,0.041836050045388,0,0.096962464338324,0.064066296136054,0.065629582534327,0,0,0.012698614263719,Bacteria,Proteobacteria,Gammaproteobacteria,Pseudomonadales,Moraxellaceae,Acinetobacter,NA
Seq_243,0.165860698553565,0.249071642061407,0.188802306820912,0,0.31320099885724,0,0.128107502799552,0.654176798986197,0,0.316187054785251,0,0,0,0.068226445235797,0,0.156513658262209,0.257619057552306,0,Bacteria,Proteobacteria,Gammaproteobacteria,Burkholderiales,Alcaligenaceae,Achromobacter,NA
Seq_320,0,0.176614437098089,0.145892691634341,0,0,0,0.062709966405375,0,0.089461852548516,0.187005573258203,0,0,0,0.052417878656771,0,0.162627473038077,0.093869292225537,0,Bacteria,Proteobacteria,Gammaproteobacteria,Pseudomonadales,Pseudomonadaceae,Pseudomonas,NA
Seq_212,0.795915949552499,0.741554207046463,0,0,0,0,0,0,0.91067578107079,0,0,0,0,0,0,0,0,0.053175447229321,Bacteria,Proteobacteria,Gammaproteobacteria,Enterobacterales,Shewanellaceae,Shewanella,NA
Seq_180,0.286486661137977,0.110950095100082,0.177645806872404,0.450351493848858,0.146724792257446,0,0.10929451287794,0.369901017227797,0.284442813231179,0.537641023117334,0,0,0.240541498070074,0.108995906413286,0.261492867910211,0.130835636203566,0.257619057552306,0,Bacteria,Actinobacteriota,Actinobacteria,Propionibacteriales,Propionibacteriaceae,Cutibacterium,NA
Seq_301,0.075391226615257,0.070192917308215,0.045484192097765,0.197715289982425,0.259590017070865,0.018845996796181,0.139753639417693,0,0,0,0,0,0.205112905331071,0.083202981994875,0.089215213757601,0.226211146707099,0.10325622144809,0,Bacteria,Proteobacteria,Gammaproteobacteria,Pseudomonadales,Moraxellaceae,Acinetobacter,NA
Seq_11,0.133550172861312,0,1.47609076241804,0,0,1.96076891666928,0.869876819708847,0,0.170895077304216,0.292811358127976,1.74211627264475,6.1426650113801,0,1.36952108363564,0.862413732990145,0.04891051820694,0.127245040572394,1.93812600200003,Bacteria,Bacteroidota,Bacteroidia,Flavobacteriales,Flavobacteriaceae,Polaribacter,NA
Seq_5,0.163706663507415,0.25699664885427,1.6305653770897,0.252636203866432,0,2.25837861607564,0.95946248600224,0,0.182364545579667,0.361708148275735,1.95050716343687,7.15135526588041,0,1.64409092421872,1.02443676487177,0,0.123073072029037,2.31908442991159,Bacteria,Bacteroidota,Bacteroidia,Flavobacteriales,Flavobacteriaceae,Polaribacter,NA
Seq_442,0.044157718446079,0.049814328412282,0.032611307541794,0,0.16929783722013,0,0.086898096304591,0,0.032114511171262,0.12426028223078,0,0,0.128661731525854,0.059074117216361,0.056400422490438,0.134503925069086,0.05945055174284,0.022222574961507,Bacteria,Proteobacteria,Gammaproteobacteria,Pseudomonadales,Moraxellaceae,Acinetobacter,NA
Seq_6,0.169091751122791,0.301150258128793,1.95667845250764,0,0,2.72010553758206,1.12698768197088,0,0.189246226544937,0.40230804246995,2.48174606306982,0,0,1.83545778280694,1.19773988125147,0.088038932772493,0.146018899017501,2.49369037603772,Bacteria,Bacteroidota,Bacteroidia,Flavobacteriales,Flavobacteriaceae,Polaribacter,NA
Seq_94,0.208941399476569,0.190200163028711,0.136452576293296,0.593145869947276,0.96358685684457,0.084806985582813,0.405823068309071,0.503476384560057,0.099784373996422,0.380162645636742,0.145242136006631,0,0.52956422830931,0.273737810763138,0.311740517038055,0.826587757697293,0.34105842841945,0.075398022190828,Bacteria,Proteobacteria,Gammaproteobacteria,Pseudomonadales,Moraxellaceae,Acinetobacter,NA
Seq_101,0.145397365615139,0,0.427379767258247,0.970269478617457,0.181995175011639,0.162546722367057,0.481075027995521,0,0.055053447722164,0.792313086699229,0.165765481311915,0,0,0.346956434918627,0,0.288572057420948,0.916790087402741,0.032540199050779,Bacteria,Proteobacteria,Gammaproteobacteria,Francisellales,Francisellaceae,Francisellaceae_unclassified,NA
Seq_331,0.074314209092182,0.047550040757178,0.040335038275377,0,0.186227620942142,0.028268995194271,0.122732362821948,0.188375518032675,0.040143138964078,0.109496684341974,0.060780676481036,0,0.14357903373175,0.074882683795387,0.086138827076305,0.183414443276027,0.136631969794948,0,Bacteria,Proteobacteria,Gammaproteobacteria,Pseudomonadales,Moraxellaceae,Acinetobacter,NA
Seq_530,0,0.038492890136763,0,0,0,0,0.060022396416573,0.102750282563277,0,0,0,0,0,0.044929610277232,0,0.152845369396689,0.085525355138822,0.01984158478706,Bacteria,Proteobacteria,Gammaproteobacteria,Pseudomonadales,Moraxellaceae,Acinetobacter,NA
Seq_122,0.15616754084589,0.14038583461643,0.116714153307473,0.307557117750439,0.624991182404311,0.053396990922512,0.278611422172452,0.356200979552694,0.095196586686241,0.23129636692462,0.103406085961242,1.64752741568384,0.356150590165768,0.196359037507904,0.229703538870146,0.568584774155682,0.240931183378877,0.060318417752663,Bacteria,Proteobacteria,Gammaproteobacteria,Pseudomonadales,Moraxellaceae,Acinetobacter,NA
Seq_82,0.185247013968917,0,0.531221036009749,1.21558289396602,0.208800665904826,0.194741966893866,0.523180291153415,0.15070041442614,0,0.837834180189712,0.179184591703832,0,0.365473904044454,0.361100941857756,0,0.408402827027952,1.02734725380171,0.033333862442261,Bacteria,Proteobacteria,Gammaproteobacteria,Francisellales,Francisellaceae,Francisellaceae_unclassified,NA
Seq_133,1.0554771726136,1.23630105968662,0,0,0,0,0,0,1.43483048125889,0,0,0,0,0,0,0,0,0.078572675756758,Bacteria,Proteobacteria,Gammaproteobacteria,Enterobacterales,Shewanellaceae,Shewanella,NA
Seq_465,0.058158946246055,0.056607191377593,0,0.084212067955477,0.162243760669291,0.013349247730628,0.081522956326988,0,0,0.108266384517907,0.033153096262383,0,0,0.062402236496156,0,0.125944584382872,0,0.021428911570025,Bacteria,Proteobacteria,Gammaproteobacteria,Pseudomonadales,Moraxellaceae,Acinetobacter,NA
Seq_184,0.16478368103049,0.324925278507382,0.227420960488826,0,0.23137371086751,0,0.106606942889138,0,0.129604991512593,0.369089947220138,0.381260607017405,0,0,0,0.083062440395008,0.270230613093346,0.167921733870127,0.086509309671582,Bacteria,Proteobacteria,Gammaproteobacteria,Pseudomonadales,Pseudomonadaceae,Pseudomonas,NA
Seq_91,0.143243330568988,0,0.47715492087467,1.15333919156415,0.220087188386168,0.155479473568489,0.522284434490482,0,0.065375969170069,0.789852487051094,0.154714449224454,0,0.36174457849298,0.376909508436782,0,0,1.02734725380171,0.030159208876331,Bacteria,Proteobacteria,Gammaproteobacteria,Francisellales,Francisellaceae,Francisellaceae_unclassified,NA
Seq_393,0,0,0.059215268957468,0.164762741652021,0.272287354862375,0.018060746929673,0.069876819708847,0,0.041290085791623,0.07258768961996,0.0465722066543,0,0,0.054913968116617,0.064604120307229,0.193196546917415,0.089697323682179,0,Bacteria,Proteobacteria,Gammaproteobacteria,Pseudomonadales,Moraxellaceae,Acinetobacter,NA
Seq_13,0.148628418184364,0.206050176614437,1.46321787786207,0,0,1.95684266733675,0.75431131019037,0,0.125017204202413,0.305114356368647,1.6513399376406,0,0,1.34872033813692,0.9034322220741,0,0.10429921358393,1.89209352529405,Bacteria,Bacteroidota,Bacteroidia,Flavobacteriales,Flavobacteriaceae,Polaribacter,NA
Seq_169,0.128165085245937,0.126800108685807,0.108132230270159,0.318541300527241,0.554450416895924,0.055752740522034,0,0.373326026646573,0.063082075514979,0.216532769035814,0,0,0.27410542803334,0.195527007687956,0,0.478100315472842,0.216942364254573,0,Bacteria,Proteobacteria,Gammaproteobacteria,Pseudomonadales,Moraxellaceae,Acinetobacter,NA
Seq_111,0,0,0.39905942123511,0,0.167887021909962,0.142130225837862,0.447032474804031,0.15070041442614,0.063082075514979,0.666822504644382,0.138137901093263,0,0,0,0,0.298354161062336,0.908446150316027,0.031746535659296,Bacteria,Proteobacteria,Gammaproteobacteria,Francisellales,Francisellaceae,Francisellaceae_unclassified,NA
Seq_390,0,0.055475047550041,0.031753115238063,0.179408318687756,0,0,0.099440089585666,0,0,0.125490582054847,0.056044519872124,0,0.139849708180276,0.085699071454721,0.057425884717536,0.152845369396689,0.076138425916269,0.028571882093367,Bacteria,Proteobacteria,Gammaproteobacteria,Pseudomonadales,Moraxellaceae,Acinetobacter,NA
Seq_104,0.200325259291969,0.187935875373607,0.127870653255982,0.534563561804335,0.846489186100647,0.094229983980903,0.388801791713326,0.428126177346988,0.099784373996422,0.366629347572003,0.142874057702175,0,0.434466426746723,0.277897959862882,0.283027574679287,0.736103299014453,0.350445357642003,0.08254099271417,Bacteria,Proteobacteria,Gammaproteobacteria,Pseudomonadales,Moraxellaceae,Acinetobacter,NA
Seq_193,0.126011050199787,0,0.12701246095225,0.417398945518453,0.626401997714479,0.034550994126331,0.155879059350504,0,0.119282470064688,0.200538871322941,0.093933772743419,0,0.177142963695016,0.144773188671082,0.17125219192551,0.429189797265902,0.190867560858591,0.023809901744472,Bacteria,Proteobacteria,Gammaproteobacteria,Pseudomonadales,Moraxellaceae,Acinetobacter,NA
Seq_41,0.273562450861076,0,0.766365727232158,1.75380785002929,0.358347088782607,0.298394949272859,0.994400895856663,0.226050621639209,0.104372161306602,1.41238419802906,0.296009788056992,0,0.706707192004326,0.674776183978434,0,0.552688855738427,1.78768852082855,0.050000793663392,Bacteria,Proteobacteria,Gammaproteobacteria,Francisellales,Francisellaceae,Francisellaceae_unclassified,NA
Seq_179,0.10770175230751,0.110950095100082,0.082386461158216,0.325864089045108,0.616526290543305,0.051041241322989,0.232026875699888,0.414426139671884,0.066522915997614,0.200538871322941,0.098669929352331,0,0.287158067463499,0.164741904349852,0.164073956335818,0.413293878848646,0.167921733870127,0.041270496357085,Bacteria,Proteobacteria,Gammaproteobacteria,Pseudomonadales,Moraxellaceae,Acinetobacter,NA
Seq_148,0.31879718683023,0.131328683996015,0.232570114311215,0.410076157000586,0.138259900396439,0.028268995194271,0.108398656215006,0.40072610199678,0.362435197504244,0.561016719774609,0.213916406835853,0,0.313263346323817,0.098179518753952,0.326096988217439,0.136949450979433,0.237802206971359,0,Bacteria,Actinobacteriota,Actinobacteria,Propionibacteriales,Propionibacteriaceae,Cutibacterium,NA
Seq_26,0.11200982239981,0.158500135857259,1.10706807181353,0,0,1.53123723968967,0.627099664053751,0,0.127311097857503,0.212841869563613,1.25034534475273,1.39406165942479,0,0.980963157719573,0.716798096742106,0.026900785013817,0.077181418052108,1.37383133065604,Bacteria,Bacteroidota,Bacteroidia,Flavobacteriales,Flavobacteriaceae,Polaribacter,NA
Seq_357,0.051696841107605,0.053210759894937,0.037760461364183,0.058582308142941,0.135438269776104,0.025913245594748,0.106606942889138,0.181525499195123,0.049318713584438,0.116878483286377,0.055255160437305,0,0.087639150459639,0.070722534695644,0.073833280351118,0.201755887603629,0.11785811134984,0,Bacteria,Proteobacteria,Gammaproteobacteria,Pseudomonadales,Moraxellaceae,Acinetobacter,NA
Seq_81,0.238020872599597,0.2139751834073,0.168205691531358,0.54920913884007,1.01014376208011,0.09501523384741,0.492721164613662,0.544576497585368,0.135339725650319,0.444138236488232,0.179973951138651,0,0.535158216636521,0.327819749059806,0.344555308305219,0.842483676114548,0.401551972298129,0.088890299846029,Bacteria,Proteobacteria,Gammaproteobacteria,Pseudomonadales,Moraxellaceae,Acinetobacter,NA
Seq_244,0.092623506984459,0.096232225341907,0.063506230476125,0.102519039250146,0.235606156798014,0,0.178275475923852,0.332225913621262,0.051612607239528,0.158708677304659,0.082093381221139,0,0.156631673161909,0.104835757313542,0.118953618343468,0.314250079479592,0.200254490081145,0.024603565135955,Bacteria,Proteobacteria,Gammaproteobacteria,Pseudomonadales,Moraxellaceae,Acinetobacter,NA
Seq_51,0.240174907645747,0,0.683979266073942,1.68790275336848,0.306146922306401,0.288186701008261,0.874356103023516,0,0.0814332247557,1.2389119228356,0.229703595532226,0,0.628391355423372,0.558292009185609,0,0.50866938935218,1.51963954191785,0.03968316957412,Bacteria,Proteobacteria,Gammaproteobacteria,Francisellales,Francisellaceae,Francisellaceae_unclassified,NA
Seq_421,0.147551400661289,0.20152160130423,0,0.084212067955477,0,0,0,0,0.207597375785659,0,0,0.711255948686116,0,0,0,0,0,0.138891093509421,Bacteria,Proteobacteria,Gammaproteobacteria,Enterobacterales,Shewanellaceae,Shewanella,NA
Seq_420,0,0,0,0,0.21303311183533,0.127995728240726,0,0.630201733054766,0,0,0,0,0,0.309515093020934,0,0,0,0,Bacteria,Proteobacteria,Gammaproteobacteria,Burkholderiales,Comamonadaceae,Pelomonas,NA
Seq_374,0.070006138999882,0.056607191377593,0,0.131810193321617,0.184816805631975,0.01256399786412,0.10929451287794,0,0.029820617516172,0.123029982406713,0.044204128349844,0,0.126797068750117,0.077378773255234,0.065629582534327,0.155290895307036,0.080310394459626,0.029365545484849,Bacteria,Proteobacteria,Gammaproteobacteria,Pseudomonadales,Moraxellaceae,Acinetobacter,NA
Seq_382,0.065698068907581,0,0.055782499742542,0.157439953134153,0.303325291686065,0.021201746395703,0,0.099325273144501,0.041290085791623,0.079969488564363,0.067095551959585,0,0.072721848253743,0,0.05434949803624,0.151622606441515,0.075095433780429,0.015079604438166,Bacteria,Proteobacteria,Gammaproteobacteria,Pseudomonadales,Moraxellaceae,Acinetobacter,NA
Seq_283,0.084007366799858,0,0.074662730424634,0.245313415348565,0.354114642852104,0.019631246662688,0.114669652855543,0.119875329657157,0,0.12426028223078,0.076567865177409,0,0.102556452665535,0.097347488934003,0.104597147164084,0.282458242645081,0.095955276497215,0.02301623835299,Bacteria,Proteobacteria,Gammaproteobacteria,Pseudomonadales,Moraxellaceae,Acinetobacter,NA
Seq_22,0.119548945061336,0,1.23064776355086,0,0,1.62625247353708,0.675475923852184,0,0.126164151029958,0.239908465693089,1.42874057702175,0,0,1.12740040603055,0.74038372796538,0.034237362744858,0.105342205719769,1.62066064540707,Bacteria,Bacteroidota,Bacteroidia,Flavobacteriales,Flavobacteriaceae,Polaribacter,NA
Seq_10,0.155090523322814,0.254732361199167,1.61940887714119,0,0,2.24895561767755,0.869876819708847,0,0.186952332889847,0.344483950738795,2.05391324939811,2.18032278088144,0,1.55173561420441,1.05212424500344,0,0.11890110348568,2.05161986698202,Bacteria,Bacteroidota,Bacteroidia,Flavobacteriales,Flavobacteriaceae,Polaribacter,NA
Seq_444,0,0.056607191377593,0,0.142794376098418,0,0.01256399786412,0,0,0.021791989723356,0.093502786629102,0.037889252871295,0,0,0.076546743435285,0,0.149177080531168,0.076138425916269,0,Bacteria,Proteobacteria,Gammaproteobacteria,Pseudomonadales,Moraxellaceae,Acinetobacter,NA
Seq_484,0.051696841107605,0,0,0,0,0.019631246662688,0.089585666293393,0,0,0,0,0,0.098827127114061,0.058242087396412,0.060502271398833,0,0,0,Bacteria,Proteobacteria,Gammaproteobacteria,Pseudomonadales,Moraxellaceae,Acinetobacter,NA
Seq_189,0.131396137815162,0.099628656824563,0.080670076550754,0.300234329232572,0.486731282007872,0.054967490655527,0.249944008958567,0,0,0,0.088408256699688,0,0.281564079136288,0.149765367590774,0,0.442640189772811,0,0.054762774012286,Bacteria,Proteobacteria,Gammaproteobacteria,Pseudomonadales,Moraxellaceae,Acinetobacter,NA
Seq_505,0.045234735969154,0,0.046342384401497,0.10618043350908,0.205979035284491,0.014134497597135,0.0501679731243,0.095900263725725,0,0,0.049729644393575,0,0.054075220496373,0.051585848836822,0,0,0,0,Bacteria,Proteobacteria,Gammaproteobacteria,Pseudomonadales,Moraxellaceae,Acinetobacter,NA
Seq_88,0.170168768645866,0,0.454841920977653,0.951962507322789,0.210211481214994,0.152338474102459,0.604703247480403,0.113025310819605,0.043583979446713,0.786161587578893,0.169712278486009,0,0.369203229595928,0.377741538256731,0,0.381502042014135,0.966853709923027,0.04603247670598,Bacteria,Proteobacteria,Gammaproteobacteria,Francisellales,Francisellaceae,Francisellaceae_unclassified,NA
Seq_706,0,0.259260936509374,0,0,0.053610981786374,0.047114991990451,0,0.2842757817584,0,0,0,0,0,0.055745997936566,0,0,0,0,Bacteria,Proteobacteria,Alphaproteobacteria,Sphingomonadales,Sphingomonadaceae,Sphingomonas,NA
Seq_84,0.147551400661289,0,0.502042497682881,1.07644991212654,0.198924958733652,0.153123723968967,0.611870100783875,0.164400452101243,0.055053447722164,0.818149383004638,0.171290997355646,0,0.376661880698876,0.356108762938064,0,0.359492308821012,1.04612111224681,0.026984555310402,Bacteria,Proteobacteria,Gammaproteobacteria,Francisellales,Francisellaceae,Francisellaceae_unclassified,NA
Seq_67,0.200325259291969,0,0.55610861281796,1.42794376098418,0.197514143423484,0.215158463423061,0.681746920492721,0.13357536733226,0.07225765013534,1.07282144658653,0.194971780400205,0,0.496000298346044,0.427663327453656,0,0.43897190090729,1.25680552368635,0.036508516008191,Bacteria,Proteobacteria,Gammaproteobacteria,Francisellales,Francisellaceae,Francisellaceae_unclassified,NA
Seq_488,0,0,0.01802203837836,0.07688927943761,0.125562562604929,0.025127995728241,0.074356103023516,0.15070041442614,0,0.088581587332833,0,0,0,0,0.068705969215624,0.141840502800127,0,0.013492277655201,Bacteria,Proteobacteria,Gammaproteobacteria,Pseudomonadales,Moraxellaceae,Acinetobacter,NA
Seq_62,2.06895066182727,2.39561633909972,0,0,0,0,0,0,2.82493003624352,0,0,0,0,0,0,0,0,0.153970697947586,Bacteria,Proteobacteria,Gammaproteobacteria,Enterobacterales,Shewanellaceae,Shewanella,NA
Seq_300,0.080776314230633,0,0.039476845971645,0,0.166476206599794,0.032195244526808,0.128107502799552,0,0.058494288204799,0,0.052097722698031,0,0.175278300919279,0.100675608213798,0.091266138211799,0,0.180437639500198,0,Bacteria,Proteobacteria,Gammaproteobacteria,Pseudomonadales,Moraxellaceae,Acinetobacter,NA
Seq_337,0.058158946246055,0,0.053207922831348,0.234329232571763,0.327309151958917,0.026698495461256,0.090481522956327,0,0.050465660411983,0.0898118871569,0.055255160437305,0,0.068992522702269,0.064898325956002,0.083062440395008,0.212760754200191,0.092826300089697,0.025397228527437,Bacteria,Proteobacteria,Gammaproteobacteria,Pseudomonadales,Moraxellaceae,Acinetobacter,NA
Seq_500,0.049542806061455,0,0.037760461364183,0,0,0.014134497597135,0,0,0.048171766756893,0.063975590851491,0.044204128349844,0,0.052210557720636,0.049089759376976,0.050247649127844,0.13572668802426,0,0,Bacteria,Proteobacteria,Gammaproteobacteria,Pseudomonadales,Moraxellaceae,Acinetobacter,NA
Seq_364,0.059235963769131,0.072457204963319,0.036902269060451,0,0.23137371086751,0.022772246128718,0.101231802911534,0,0,0.130411781351115,0,0,0.145443696507487,0.084867041634772,0,0.154068132351862,0.076138425916269,0.027778218701884,Bacteria,Proteobacteria,Gammaproteobacteria,Pseudomonadales,Moraxellaceae,Acinetobacter,NA
Seq_492,0.090469471938308,0.218503758717507,0,0,0,0,0,0.411001130253108,0.061935128687434,0.092272486805034,0,0,0,0,0.122030005024765,0.095375510503534,0,0,Bacteria,Firmicutes,Bacilli,Staphylococcales,Staphylococcaceae,Staphylococcus,NA
Seq_356,0,0.072457204963319,0,0,0.225730449626839,0,0,0.188375518032675,0,0,0,0,0.09323313878685,0.084035011814824,0,0.224988383751926,0.119944095621519,0.030952872267814,Bacteria,Proteobacteria,Gammaproteobacteria,Pseudomonadales,Moraxellaceae,Acinetobacter,NA
Seq_455,0.079699296707557,0,0.100408499536576,0,0,0.050255991456481,0.080627099664054,0.215775593382882,0,0,0,0,0.132391057077328,0.037441341897694,0,0.09415274754836,0.049020630384447,0,Bacteria,Proteobacteria,Gammaproteobacteria,Pseudomonadales,Moraxellaceae,Acinetobacter,NA
Seq_20,0,0,1.11221722563592,0,0,1.40324151144894,0.541097424412094,0,0,0,1.20850929470735,4.42271880819367,0,0.980963157719573,0.706543474471118,0,0.100127245040572,1.35795806282639,Bacteria,Bacteroidota,Bacteroidia,Flavobacteriales,Flavobacteriaceae,Polaribacter,NA
Seq_32,0.101239647169059,0.166425142650122,1.03841268751502,0,0,1.48412224769922,0.576035834266517,0,0.122723310547323,0.207920670267344,1.17062004183605,0,0,0.976803008619829,0.67783053211235,0.047687755251767,0,1.36748202352418,Bacteria,Bacteroidota,Bacteroidia,Flavobacteriales,Flavobacteriaceae,Polaribacter,NA
Seq_64,0.190632101584293,0,0.619614843294085,1.36936145284124,0.265233278311536,0.208876464491001,0.77491601343785,0,0.090608799376061,1.10726984166041,0.209969609661759,0,0,0.490897593769761,0,0.425521508400381,1.39030851707378,0.057143764186733,Bacteria,Proteobacteria,Gammaproteobacteria,Francisellales,Francisellaceae,Francisellaceae_unclassified,NA
Seq_135,0.133550172861312,0.146046553754189,0.101266691840308,0.373462214411248,0.692710317292363,0.069101988252662,0.342217245240761,0.35962598897147,0.084874065238336,0.243599365165291,0.100248648221968,0,0.358015252941506,0.200519186607648,0.191761436467488,0.590594507348805,0.230501262020484,0.065080398101557,Bacteria,Proteobacteria,Gammaproteobacteria,Pseudomonadales,Moraxellaceae,Acinetobacter,NA
Seq_404,0.056004911199905,0,0.054924307438811,0.150117164616286,0.251125125209859,0.014919747463643,0.08421052631579,0,0,0.088581587332833,0,0,0.068992522702269,0.056578027756515,0.057425884717536,0.162627473038077,0.087611339410501,0,Bacteria,Proteobacteria,Gammaproteobacteria,Pseudomonadales,Moraxellaceae,Acinetobacter,NA
Seq_410,0,0,0.04205142288284,0,0.189049251562478,0.021201746395703,0.098544232922732,0,0.025232830205992,0,0,0,0.126797068750117,0.072386594335541,0,0.150399843486342,0.069880473101233,0.022222574961507,Bacteria,Proteobacteria,Gammaproteobacteria,Pseudomonadales,Moraxellaceae,Acinetobacter,NA
Seq_30,0.116317892492111,0,1.08046411039786,0,0,1.44643025410686,0.631578947368421,0,0.150250034408405,0.221453968332083,1.28823459762403,0,0,0.950178054381469,0.710645323379513,0.034237362744858,0.082396378731304,1.31113192272893,Bacteria,Bacteroidota,Bacteroidia,Flavobacteriales,Flavobacteriaceae,Polaribacter,NA
Seq_448,0.059235963769131,0,0,0.146455770357352,0.27510898548271,0,0,0,0,0.063975590851491,0.044204128349844,0,0.067127859926532,0,0.047171262446548,0.156513658262209,0,0,Bacteria,Proteobacteria,Gammaproteobacteria,Pseudomonadales,Moraxellaceae,Acinetobacter,NA
Seq_49,0,0,0.811849919329923,0,0,1.08285956591387,0.421052631578947,0,0,0,0.938548367999368,0.915580384854128,0,0.722201883715512,0.471712624465478,0,0,1.09128716328831,Bacteria,Bacteroidota,Bacteroidia,Flavobacteriales,Flavobacteriaceae,Polaribacter,NA
Seq_23,0,0.163028711167467,1.19031272527548,0,0,1.52181424129158,0.64501679731243,0,0.150250034408405,0.237447866044955,1.40269171567273,0,0,1.12074416747096,0.801911461591312,0,0.076138425916269,1.56351688122034,Bacteria,Bacteroidota,Bacteroidia,Flavobacteriales,Flavobacteriaceae,Polaribacter,NA
Seq_456,0.043080700923004,0.040757177791867,0,0.058582308142941,0.124151747294762,0.020416496529196,0.07525195968645,0,0.037849245308988,0.095963386277236,0,0,0,0.062402236496156,0.06357865808013,0.136949450979433,0.101170237176412,0,Bacteria,Proteobacteria,Gammaproteobacteria,Pseudomonadales,Moraxellaceae,Acinetobacter,NA
Seq_284,0,0.187935875373607,0.151900037760461,0,0,0,0,0,0,0.227605467452418,0.224967438923314,0,0,0.044929610277232,0.048196724673647,0.156513658262209,0.114729134942323,0.046826140097462,Bacteria,Proteobacteria,Gammaproteobacteria,Pseudomonadales,Pseudomonadaceae,Pseudomonas,NA
Seq_123,0.136781225430538,0,0.381037382856751,0.838459285295841,0.193281697492981,0,0.468533034714446,0,0.052759554067074,0.645907407635241,0.130244306745076,0,0,0.28538622824242,0,0,0.792674023237865,0.027778218701884,Bacteria,Proteobacteria,Gammaproteobacteria,Francisellales,Francisellaceae,Francisellaceae_unclassified,NA
Seq_385,0.049542806061455,0,0.05406611513508,0.194053895723492,0.253946755830194,0.022772246128718,0,0,0.047024819929348,0.07258768961996,0.044204128349844,0,0.082045162132428,0.063234266316105,0.069731431442723,0.182191680320853,0.093869292225537,0.015079604438166,Bacteria,Proteobacteria,Gammaproteobacteria,Pseudomonadales,Moraxellaceae,Acinetobacter,NA
Seq_25,0.115240874969036,0.178878724753193,1.13109745631801,0,0,1.5453717372868,0.693393057110862,0,0.134192778822774,0,1.35927694675771,0,0,1.03837321529604,0.750638350236369,0.041573940475899,0.095955276497215,1.59050143653074,Bacteria,Bacteroidota,Bacteroidia,Flavobacteriales,Flavobacteriaceae,Polaribacter,NA
Seq_451,0.053850876153755,0,0.041193230579108,0.205038078500293,0.235606156798014,0,0,0.078775216631846,0,0.076278589092162,0.040257331175751,0,0.07458651102948,0,0,0.152845369396689,0.068837480965394,0,Bacteria,Proteobacteria,Gammaproteobacteria,Pseudomonadales,Moraxellaceae,Acinetobacter,NA
Seq_85,0.210018416999645,0.181143012408296,0.158765576190313,0.501611013473931,1.07363045103765,0.086377485315828,0.477491601343785,0.496626365722506,0.112400789099417,0.388774744405212,0.161029324703004,0,0.568722146599787,0.282890138782574,0.297384045858671,0.906067349783571,0.350445357642003,0.087302973063065,Bacteria,Proteobacteria,Gammaproteobacteria,Pseudomonadales,Moraxellaceae,Acinetobacter,NA
Seq_131,0.124934032676712,0,0.3140983831657,0.875073227885179,0.14390316163711,0.132707227439771,0.395968645016797,0,0,0.570859118367146,0.117614555787978,0,0.298346044117921,0.261257363463907,0,0.242107065124355,0.684202841110578,0,Bacteria,Proteobacteria,Gammaproteobacteria,Francisellales,Francisellaceae,Francisellaceae_unclassified,NA
Seq_332,0.071083156522957,0.060003622860248,0.036902269060451,0.194053895723492,0.201746589353988,0.018845996796181,0.130795072788354,0,0.033261457998807,0.143945079415854,0.055255160437305,0,0.149173022058961,0.085699071454721,0.076909667032415,0.189528258051894,0.082396378731304,0.030159208876331,Bacteria,Proteobacteria,Gammaproteobacteria,Pseudomonadales,Moraxellaceae,Acinetobacter,NA
Seq_31,0.089392454415233,0,1.1225155332807,0,0,1.39695951251688,0.576931690929451,0,0.128458044685048,0.239908465693089,1.23850495323045,0,0,0.972642859520085,0.692187003291734,0.033014599789685,0,1.398434895792,Bacteria,Bacteroidota,Bacteroidia,Flavobacteriales,Flavobacteriaceae,Polaribacter,NA
Seq_246,0.095854559553684,0.069060773480663,0.057498884350005,0,0.234195341487846,0.037691993592361,0.164837625979843,0.243175668733089,0.065375969170069,0.166090476249062,0.074989146307771,0,0.19951891700386,0.114820115152927,0.143564711793841,0.302022449927857,0.19191055299443,0.024603565135955,Bacteria,Proteobacteria,Gammaproteobacteria,Pseudomonadales,Moraxellaceae,Acinetobacter,NA
Seq_360,0,0.065664341998007,0,0,0,0,0.072564389697648,0.171250470938795,0,0.087351287508766,0,0,0.091368476011113,0.072386594335541,0.073833280351118,0.232324961482967,0.136631969794948,0.026190891918919,Bacteria,Proteobacteria,Gammaproteobacteria,Pseudomonadales,Moraxellaceae,Acinetobacter,NA
Seq_412,0,0.045285753102074,0,0.062243702401875,0.122740931984594,0.022772246128718,0.095856662933931,0.137000376751036,0.033261457998807,0.116878483286377,0.047361566089119,0,0,0,0,0.166295761903597,0.101170237176412,0.015873267829648,Bacteria,Proteobacteria,Gammaproteobacteria,Pseudomonadales,Moraxellaceae,Acinetobacter,NA
Seq_490,0.049542806061455,0,0.053207922831348,0.135471587580551,0.191870882182813,0.015704997330151,0.057334826427772,0,0.036702298481442,0,0,0,0,0.056578027756515,0,0.147954317575995,0,0,Bacteria,Proteobacteria,Gammaproteobacteria,Pseudomonadales,Moraxellaceae,Acinetobacter,NA
Seq_261,0.091546489461384,0.086042930893941,0.05406611513508,0.241652021089631,0.306146922306401,0,0.146920492721165,0,0.047024819929348,0.211611569739546,0.059201957611398,0,0.2368121725186,0.118980264252671,0.088189751530502,0.235993250348487,0.120987087757358,0.040476832965603,Bacteria,Proteobacteria,Gammaproteobacteria,Pseudomonadales,Moraxellaceae,Acinetobacter,NA
Seq_325,0,0.107553663617426,0.092684768802993,0.545547744581136,0.097346256401575,0.126425228507711,0,0.613076685960886,0.077992384273065,0.140254179943652,0,0,0.09323313878685,0,0,0.213983517155364,0.139760946202466,0,Bacteria,Proteobacteria,Gammaproteobacteria,Enterobacterales,Aeromonadaceae,Aeromonas,NA
Seq_438,0.053850876153755,0.070192917308215,0.035185884452988,0.157439953134153,0.153778868808284,0,0,0,0.029820617516172,0.099654285749437,0.033153096262383,0,0.121203080422906,0.057410057576464,0,0.147954317575995,0.062579528150358,0.025397228527437,Bacteria,Proteobacteria,Gammaproteobacteria,Pseudomonadales,Moraxellaceae,Acinetobacter,NA
Seq_501,0,0.053210759894937,0,0,0,0,0,0.137000376751036,0,0.073817989444028,0,0,0,0.064066296136054,0.047171262446548,0.152845369396689,0.082396378731304,0.01984158478706,Bacteria,Proteobacteria,Gammaproteobacteria,Pseudomonadales,Moraxellaceae,Acinetobacter,NA
Seq_457,0,0,0.046342384401497,0,0.235606156798014,0.014134497597135,0.078835386338186,0.092475254306949,0.045877873101803,0.062745291027423,0,0,0,0.051585848836822,0,0.154068132351862,0,0.014285941046683,Bacteria,Proteobacteria,Gammaproteobacteria,Pseudomonadales,Moraxellaceae,Acinetobacter,NA
Seq_21,0.122779997630561,0.178878724753193,1.25296076344787,0,0,1.73854320444766,0.635162374020157,0,0.138780566132954,0.258362963054096,1.4816276591546,0,0,1.08163876593337,0.775249443686742,0.044019466386246,0.100127245040572,1.60081906062001,Bacteria,Bacteroidota,Bacteroidia,Flavobacteriales,Flavobacteriaceae,Polaribacter,NA
Seq_2,0.192786136630443,0.314735984059415,1.9283581064845,0.292911540714704,0,2.71932028771555,1.13415453527436,0,0.23741799330183,0.420762539830957,2.23072976279749,8.54024415476929,0,1.85209837920591,1.25721669042321,0.078256829131105,0.136631969794948,2.67782028286163,Bacteria,Bacteroidota,Bacteroidia,Flavobacteriales,Flavobacteriaceae,Polaribacter,NA
Seq_311,0.053850876153755,0.044153609274522,0,0.069566490919742,0.129795008535433,0.024342745861733,0.098544232922732,0.198650546289002,0.043583979446713,0.092272486805034,0,0.794020277260501,0,0.072386594335541,0.078960591486613,0.167518524858771,0.106385197855608,0,Bacteria,Proteobacteria,Gammaproteobacteria,Pseudomonadales,Moraxellaceae,Acinetobacter,NA
Seq_418,0.05492789367683,0.054342903722489,0,0.043936731107206,0.115686855433755,0.023557495995226,0,0.137000376751036,0,0.10703608469384,0.037099893436476,0,0.095097801562587,0.083202981994875,0.070756893669822,0.13939497688978,0.107428189991447,0.018254258004095,Bacteria,Proteobacteria,Gammaproteobacteria,Pseudomonadales,Moraxellaceae,Acinetobacter,NA
Seq_90,0.143243330568988,0,0.42909615186571,1.25219683655536,0.203157404664155,0.157835223168012,0.582306830907055,0,0.064229022342524,0.77877978863449,0,0,0,0.37857356807668,0,0.332591523807195,1.0617659942844,0.034127525833743,Bacteria,Proteobacteria,Gammaproteobacteria,Francisellales,Francisellaceae,Francisellaceae_unclassified,NA
Seq_462,0.047388771015304,0,0,0,0.119919301364258,0,0.089585666293393,0,0.029820617516172,0,0.037099893436476,0,0,0.061570206676207,0.055374960263339,0.146731554620821,0.099084252904733,0.014285941046683,Bacteria,Proteobacteria,Gammaproteobacteria,Pseudomonadales,Moraxellaceae,Acinetobacter,NA
Seq_256,0.115240874969036,0,0.081528268854485,0.278265963678969,0.445817638013008,0,0.116461366181411,0.130150357913484,0.07455154379043,0.143945079415854,0.070252989698859,0,0.117473754871431,0.087363131094618,0.10869899607248,0.294685872196816,0.138717954066626,0.030952872267814,Bacteria,Proteobacteria,Gammaproteobacteria,Pseudomonadales,Moraxellaceae,Acinetobacter,NA
Seq_136,0.171245786168941,0.131328683996015,0.114139576396279,0.296572934973638,0.678602164190686,0.065175738920124,0.313549832026876,0.393876083159229,0.094049639858696,0.262053862526298,0.091565694438963,0,0.320721997426765,0.204679335707392,0.178430427515202,0.580812403707417,0.254490081144788,0.060318417752663,Bacteria,Proteobacteria,Gammaproteobacteria,Pseudomonadales,Moraxellaceae,Acinetobacter,NA
Seq_45,0.227250697368846,0,0.74920188115753,1.90758640890451,0.328719967269085,0.252850457015422,0.956774916013438,0.188375518032675,0.0814332247557,1.37670550313111,0.266803488968702,0,0.676872587592534,0.627350484241355,0,0.476877552517669,1.70424914996141,0.047619803488944,Bacteria,Proteobacteria,Gammaproteobacteria,Francisellales,Francisellaceae,Francisellaceae_unclassified,NA
Seq_72,0.196017189199668,0,0.529504651402286,1.20459871118922,0.232784526177678,0.185318968495775,0.627099664053751,0.178100489776347,0.066522915997614,0.99285195802217,0.18076331057347,0,0.453113054504093,0.427663327453656,0,0.360715071776185,1.19526898767183,0.046826140097462,Bacteria,Proteobacteria,Gammaproteobacteria,Francisellales,Francisellaceae,Francisellaceae_unclassified,NA
Seq_69,0.168014733599716,0,0,1.41329818394845,0.24407104865902,0,0.717581187010078,0,0.103225214479057,1.02607005327198,0.208390890792122,0,0.496000298346044,0.449296102772323,0,0.392506908610697,1.20048394835103,0.037302179399673,Bacteria,Proteobacteria,Gammaproteobacteria,Francisellales,Francisellaceae,Francisellaceae_unclassified,NA
Seq_303,0.21109543452272,0,0,0,0.214443927145497,0,0.118253079507279,0.411001130253108,0,0.202999470971076,0,0,0.188330940349438,0.203015276067494,0,0,0,0.234130700487309,Bacteria,Fusobacteriota,Fusobacteriia,Fusobacteriales,Fusobacteriaceae,Cetobacterium,NA
Seq_187,0.145397365615139,0.115478670410289,0.053207922831348,0.205038078500293,0.27510898548271,0.055752740522034,0.211422172452408,0.438401205603315,0.102078267651512,0.280508359887305,0.098669929352331,0,0.261052788603181,0.153093486870569,0.176379503061005,0.415739404758993,0.260748033959824,0.027778218701884,Bacteria,Proteobacteria,Gammaproteobacteria,Pseudomonadales,Moraxellaceae,Acinetobacter,NA
Seq_14,0.115240874969036,0.176614437098089,1.33706360921355,0,0,1.80764519270032,0.756103023516237,0,0.15369087489104,0.317417354609318,1.69001854994672,0,0,1.30212666821979,0.870617430806936,0.077034066175931,0.116815119214001,1.80479055223099,Bacteria,Bacteroidota,Bacteroidia,Flavobacteriales,Flavobacteriaceae,Polaribacter,NA
Seq_384,0,0.054342903722489,0.028320346023137,0.186731107205624,0.184816805631975,0,0.094960806270997,0,0,0.129181481527048,0.051308363263212,0,0.14357903373175,0.074882683795387,0.067680506988525,0.173632339634638,0,0.027778218701884,Bacteria,Proteobacteria,Gammaproteobacteria,Pseudomonadales,Moraxellaceae,Acinetobacter,NA
Seq_77,0.439423149414641,0.330585997645141,0.259174075726889,0.545547744581136,0.345649750991098,0.193956717027358,0.310862262038074,0,0.172042024131761,0.623762010802032,0.479141176934917,0,0.628391355423372,0.217991812826572,0.467610775557082,0.452422293414199,0.480819374621915,0.193653867521707,Bacteria,Proteobacteria,Gammaproteobacteria,Pseudomonadales,Pseudomonadaceae,Pseudomonas,NA
Seq_87,0.165860698553565,0,0.488311420823178,1.18263034563562,0.220087188386168,0.153908973835474,0.567973124300112,0,0.056200394549709,0.77877978863449,0.175237794529739,0,0,0.401870403035245,0,0.304467975838204,0.979369615553099,0.041270496357085,Bacteria,Proteobacteria,Gammaproteobacteria,Francisellales,Francisellaceae,Francisellaceae_unclassified,NA
Seq_63,0,0,0.69513576602245,0,0,0.892043848352546,0.41478163493841,0,0,0,0.784623278209733,0.910407614318229,0,0.663127766499151,0.492221869007455,0,0,0.888109335068811,Bacteria,Bacteroidota,Bacteroidia,Flavobacteriales,Flavobacteriaceae,Polaribacter,NA
Seq_480,0,0.04868218458473,0,0,0.142492346326942,0.021986996262211,0,0.167825461520019,0,0.061514991203356,0,0,0,0.064066296136054,0.074858742578217,0.155290895307036,0.077181418052108,0.020635248178543,Bacteria,Proteobacteria,Gammaproteobacteria,Pseudomonadales,Moraxellaceae,Acinetobacter,NA
Seq_475,0.04846578853838,0,0.029178538326868,0.146455770357352,0.148135607567613,0,0.097648376259798,0,0,0.099654285749437,0,0,0.132391057077328,0.054913968116617,0,0.116162480741483,0.05945055174284,0.019047921395578,Bacteria,Proteobacteria,Gammaproteobacteria,Pseudomonadales,Moraxellaceae,Acinetobacter,NA
Seq_205,0,0.099628656824563,0,0.263620386643234,0.440174376772337,0,0.222172452407615,0,0,0,0,0,0.257323463051707,0,0.146641098475138,0.416962167714167,0.201297482216984,0.041270496357085,Bacteria,Proteobacteria,Gammaproteobacteria,Pseudomonadales,Moraxellaceae,Acinetobacter,NA
Seq_75,0,0,0.56211595894408,0,0,0.784464616641015,0.293840985442329,0,0,0,0.677270395074397,0,0,0.549139681166173,0.380446486253679,0,0,0.773821806695344,Bacteria,Bacteroidota,Bacteroidia,Flavobacteriales,Flavobacteriaceae,Polaribacter,NA
Seq_644,0,0,0,0,0,0,0.095856662933931,0.26715073466452,0,0,0,0,0.132391057077328,0.074050653975439,0.096393449347293,0.097821036413881,0.081353386595465,0,Bacteria,Proteobacteria,Gammaproteobacteria,Pseudomonadales,Moraxellaceae,Acinetobacter,NA
Seq_8,0.173399821215091,0.259260936509374,1.69321341526209,0,0,2.42956308697428,1.01052631578947,0,0.190393173372482,0.392465643877413,2.13205983344516,0,0,1.62745032781975,1.1751797122553,0.046464992296593,0.151233859696698,2.24686106128669,Bacteria,Bacteroidota,Bacteroidia,Flavobacteriales,Flavobacteriaceae,Polaribacter,NA
Seq_317,0.166937716076641,0.150575129064396,0.140743537811953,0,0.183405990321807,0,0.077043673012318,0.363050998390246,0,0.233756966572754,0,0,0,0.123972443172363,0,0,0.186695592315234,0,Bacteria,Proteobacteria,Gammaproteobacteria,Burkholderiales,Alcaligenaceae,Achromobacter,NA
Seq_53,0.243405960214973,0,0.71916515052693,1.77577621558289,0.316022629477575,0.224581461821151,0.856438969764838,0,0.104372161306602,1.14786973585463,0.2328610332715,0,0.572451472151261,0.534163144407096,0,0.478100315472842,1.41638332046976,0.051588120446356,Bacteria,Proteobacteria,Gammaproteobacteria,Francisellales,Francisellaceae,Francisellaceae_unclassified,NA
Seq_432,0.056004911199905,0,0.051491538223885,0.113503222026948,0.235606156798014,0,0.065397536394177,0.102750282563277,0.042437032619168,0.068896790147759,0.0465722066543,0,0.080180499356691,0.05990614703631,0,0.169964050769118,0,0,Bacteria,Proteobacteria,Gammaproteobacteria,Pseudomonadales,Moraxellaceae,Acinetobacter,NA
Seq_27,0.115240874969036,0.164160854995019,1.11822457176204,0,0,1.48804849703176,0.608286674132139,0,0.129604991512593,0.264514462174432,1.33480680427833,0,0,1.13572070423004,0.762943896961555,0,0.087611339410501,1.51669074112287,Bacteria,Bacteroidota,Bacteroidia,Flavobacteriales,Flavobacteriaceae,Polaribacter,NA
Seq_76,0.241251925168823,0.218503758717507,0.195667845250764,0.545547744581136,1.13993877061554,0.09187423438138,0.506159014557671,0.606226667123335,0.121576363719778,0.424453439303158,0.176027153964558,0,0.523970239982099,0.329483808699704,0.304562281448363,1.01489325279401,0.405723940841486,0.100001587326783,Bacteria,Proteobacteria,Gammaproteobacteria,Pseudomonadales,Moraxellaceae,Acinetobacter,NA
Seq_267,0.076468244138332,0.096232225341907,0.063506230476125,0.223345049794962,0.294860399825059,0,0.093169092945129,0.222625612220434,0,0.129181481527048,0,0,0.123067743198643,0.110659966053183,0.103571684936985,0.337482575627889,0.173136694549323,0.034127525833743,Bacteria,Proteobacteria,Gammaproteobacteria,Pseudomonadales,Moraxellaceae,Acinetobacter,NA
Seq_112,1.22995401135176,1.45706910605923,0,0,0,0,0,0,1.68027710235353,0,0,0,0,0,0,0,0,0.107144557850125,Bacteria,Proteobacteria,Gammaproteobacteria,Enterobacterales,Shewanellaceae,Shewanella,NA
Seq_280,0.085084384322933,0.069060773480663,0.053207922831348,0,0.229962895557343,0.040047743191884,0.133482642777156,0.219200602801658,0.052759554067074,0.140254179943652,0.060780676481036,0,0.147308359283224,0.098179518753952,0.110749920526677,0.234770487393314,0.170007718141805,0.022222574961507,Bacteria,Proteobacteria,Gammaproteobacteria,Pseudomonadales,Moraxellaceae,Acinetobacter,NA
Seq_367,0.053850876153755,0.047550040757178,0.030894922934331,0,0.153778868808284,0.022772246128718,0.103023516237402,0.171250470938795,0.041290085791623,0.086120987684699,0.044993487784663,0,0.11187976654422,0.074050653975439,0.074858742578217,0.201755887603629,0.132460001251591,0,Bacteria,Proteobacteria,Gammaproteobacteria,Pseudomonadales,Moraxellaceae,Acinetobacter,NA
Seq_103,0.151859470753589,0,0.392193882805259,1.13503222026948,0,0,0.531243001119821,0,0.060788181859889,0.775088889162289,0.149978292615542,0,0,0.344460345458781,0,0.295908635151989,0.885500323327562,0,Bacteria,Proteobacteria,Gammaproteobacteria,Francisellales,Francisellaceae,Francisellaceae_unclassified,NA
Seq_40,0.080776314230633,0.136989403133774,0.918265764992619,0,0,1.15353205389955,0.518701007838746,0,0.123870257374868,0,1.02379918695978,1.37595696254914,0,0.897760175724698,0.562978762677277,0,0,1.11747805520723,Bacteria,Bacteroidota,Bacteroidia,Flavobacteriales,Flavobacteriaceae,Polaribacter,NA
