ASV,S_H4,S_H3,S_R6,S_R5,S_H1,S_H2,S_H5,S_H6,S_R2,S_R1,S_C1,S_C2,S_C3,S_C4,S_R3,S_R4,S_C5,S_C6,Kingdom,Phylum,Class,Order,Family,Genus,Species
Seq_164,0,0,0,1.05542062265401,0,0.252234711036375,0.181795314483027,0.190736744759556,0.297567332754127,0.266638225255973,0,0.310435639776957,0.180602555799805,0.173789233442911,0.26104523034946,0.362153905293719,0,0,Bacteria,Proteobacteria,Gammaproteobacteria,Pseudomonadales,Moraxellaceae,Acinetobacter,NA
Seq_36,0.545454545454546,0.648764458781189,0.574102342868521,1.4351954073747,0.740512187596421,0.522170103548987,0.589977247001521,0.621339395807645,0.497393570807993,0.536185231151101,0.571941649651915,0.585561064602981,0.591975044010471,0.6333884712829,0.466995487459335,0.629217120370651,0.597656381157036,0.578908762624838,Bacteria,Proteobacteria,Gammaproteobacteria,Pseudomonadales,Moraxellaceae,Acinetobacter,NA
Seq_7,1.18740477399695,1.21568108231726,1.33514745248999,3.04482225656878,1.15854326123956,1.06204088857421,1.29086106950527,1.09432799013564,1.1989574283232,1.18290412659013,1.32223069543185,1.11668554782327,1.2332053305118,1.14952155614649,1.11108196033162,1.2098772925455,1.20538562267065,1.30903345934661,Bacteria,Proteobacteria,Gammaproteobacteria,Pseudomonadales,Moraxellaceae,Acinetobacter,NA
Seq_25,0.821736922295582,0.686077442495877,1.15484170704188,1.12607639655553,0,0,0.666582819771098,0,1.03931364031277,0.924992243251629,1.13896337113478,0.788594800570848,0.832778451743544,1.01342155405264,0.958914891384196,0.432966121412603,0.880815677847542,0.936636009704903,Bacteria,Proteobacteria,Gammaproteobacteria,Pseudomonadales,Pseudomonadaceae,Pseudomonas,NA
Seq_218,0.177755205688167,0.194990431025144,0.192473617840313,0,0.216978033462392,0.209089299938048,0.154354512296909,0.222526202219482,0,0.197797083462612,0,0.167723521016934,0.156887068674578,0.169601541070793,0.17709098541295,0.144659241500005,0.194741966893866,0.201997404502624,Bacteria,Proteobacteria,Gammaproteobacteria,Pseudomonadales,Moraxellaceae,Acinetobacter,NA
Seq_18,1.04418486541392,0.964119353402102,0.946881706156943,0,0.983368335141484,0.922648021948845,0.99930254627777,0.914187731196054,0.970894874022589,0.95408004964319,0.947086172541881,0.878341596904471,0.903924913119225,0.945371553005716,0.838230664287963,0.943825680555977,0.868504404078389,1.04948372171754,Bacteria,Proteobacteria,Gammaproteobacteria,Pseudomonadales,Moraxellaceae,Acinetobacter,NA
Seq_32,0.717115286947689,0.592193160891178,1.07630362160129,1.02671671450651,0,0,0.649432318404775,0,0.91007819287576,0.891056469128142,0.979065705640698,0.700319263193515,0.64396668886193,0.888837705982119,0.935302759995802,0.411722456576938,0.811424862057773,0.925351238503639,Bacteria,Proteobacteria,Gammaproteobacteria,Pseudomonadales,Pseudomonadaceae,Pseudomonas,NA
Seq_746,0,0,0,0.2539191874586,0,0.023232144437561,0,0.036606041923551,0.030408340573414,0.048479677319268,0,0,0.031012560086835,0.021985384953621,0.032794626928324,0.044510535846155,0,0.036111267844045,Bacteria,Proteobacteria,Gammaproteobacteria,Pseudomonadales,Moraxellaceae,Acinetobacter,NA
Seq_52,0.529202640934485,0.545251020088829,0.516581491559921,0,0,0.467961766528011,0.535095642629286,0.495144882860666,0.533231972198089,0.526489295687248,0.576861577820964,0.486986714531625,0.541807667399414,0.554869239305681,0.519466890544653,0.561439713514006,0.550649699492999,0.563110082943068,Bacteria,Proteobacteria,Gammaproteobacteria,Pseudomonadales,Moraxellaceae,Acinetobacter,NA
Seq_133,0.259014728288471,0.244339861099409,0.252206809583859,0,0.280678006588966,0.222364811045225,0.270977921587908,0.238902589395808,0.217202432667246,0.254033509152963,0.274285995424467,0.288366755432624,0.276376638420913,0.286856927490107,0.196767761569944,0.276167642863646,0.304424224109951,0.260678214749196,Bacteria,Proteobacteria,Gammaproteobacteria,Pseudomonadales,Moraxellaceae,Acinetobacter,NA
Seq_280,0.275266632808532,0.281652844814097,0,0,0.203043664340954,0.450261085051774,0,0,0,0,0,0,0.305564930267346,0.324546158839172,0.279410221429321,0.3125853540105,0,0,Bacteria,Proteobacteria,Gammaproteobacteria,Burkholderiales,Alcaligenaceae,Achromobacter,NA
Seq_151,0.259014728288471,0.235914348647705,0.228977235016924,0,0.253804580426193,0.259978759182229,0.249253953190565,0.296701602959309,0.213944396177237,0.228824076946944,0.223856731691717,0.211861289705601,0.239891273612872,0.22718231118742,0.211197397418407,0.168937715597908,0.256298335739628,0.258421260508943,Bacteria,Proteobacteria,Gammaproteobacteria,Pseudomonadales,Moraxellaceae,Acinetobacter,NA
Seq_634,0,0,0.130528085661822,0,0,0.033188777767944,0.040017836521421,0.049129161528977,0.032580364900087,0.053327645051195,0,0.222160102399623,0.032836828327237,0.02617307732574,0.031482841851191,0.048556948195806,0,0.047396039045308,Bacteria,Proteobacteria,Gammaproteobacteria,Pseudomonadales,Moraxellaceae,Acinetobacter,NA
Seq_213,0.155408836973083,0.21785967910834,0.179199575230637,0,0.187118671059311,0,0.220669784246693,0.175323674475956,0.201998262380539,0.182283586720447,0,0,0,0.210431541698947,0,0.214459854531476,0,0.198611973142245,Bacteria,Proteobacteria,Gammaproteobacteria,Pseudomonadales,Moraxellaceae,Acinetobacter,NA
Seq_8,1.26155408836973,1.44076262924134,1.87938319948674,2.02472952086553,0,0,1.22568916431324,0,1.54213727193745,1.58140707415451,1.90401220142186,0.969559652194383,1.22864465991079,1.61749617873071,1.58857172840802,1.07836889118186,1.51428667360575,1.5437567003329,Bacteria,Proteobacteria,Gammaproteobacteria,Pseudomonadales,Pseudomonadaceae,Pseudomonas,NA
Seq_241,0,0,0.175881064578217,0,0.174179614017975,0.231215151783344,0.156641245812419,0.208076448828607,0.154213727193745,0.182283586720447,0.16358761162087,0.175079815798379,0.145029325111964,0.172742310349882,0,0,0.155569732173835,0.180556339220222,Bacteria,Proteobacteria,Gammaproteobacteria,Pseudomonadales,Moraxellaceae,Acinetobacter,NA
Seq_158,0.216353478923311,0.244339861099409,0.201322979580098,0,0.225935842183317,0.293167536950173,0.219526417488938,0,0.194396177237185,0.203614644740925,0.236156552114339,0.281010460651179,0.193372433482619,0.199962310768651,0.21250918249554,0.323712987972039,0.22607975466989,0.244879535067426,Bacteria,Proteobacteria,Gammaproteobacteria,Pseudomonadales,Moraxellaceae,Acinetobacter,NA
Seq_22,0.827831386490604,1.03031980837977,1.25771553726687,0,0,0,0.840374566949841,0,0,1.01807322370462,0,0,0.823657110541534,1.03121924663414,0.994333088466786,0.755667506297229,0.95356411375617,1.017886362354,Bacteria,Proteobacteria,Gammaproteobacteria,Pseudomonadales,Pseudomonadaceae,Pseudomonas,NA
Seq_14,0.996444895886237,1.14948062733958,1.09732085573328,0,0.983368335141484,1.00561996636871,1.10449228799122,1.13864056720099,0.954604691572546,1.07527924294136,1.06393446655679,1.06666274330945,1.06719692063521,1.04168847756444,0.922184909224473,1.1542391227378,0.986021108238481,1.2785645771032,Bacteria,Proteobacteria,Gammaproteobacteria,Pseudomonadales,Moraxellaceae,Acinetobacter,NA
Seq_9,1.11833417978669,1.17836809860257,1.13271830269242,0,1.12669327467627,1.09522966634215,1.25770343353037,1.13767725030826,1.05777584708949,1.15963388147688,1.09468401761334,1.11815680677956,1.18668649038155,1.1076446324253,1.05336341693777,1.19874965858396,1.00280920883278,1.30903345934661,Bacteria,Proteobacteria,Gammaproteobacteria,Pseudomonadales,Moraxellaceae,Acinetobacter,NA
Seq_37,0.636871508379888,0.583767648439475,0.642684896351851,0,0.552398204457007,0.576378440569962,0.647145584889265,0.586659987669544,0.617940920938314,0.660293205088427,0.680180069370987,0.604687431034736,0.619339067616502,0.617684624887456,0.569314723475706,0.612019867884637,0.615563688457621,0.710940585679625,Bacteria,Proteobacteria,Gammaproteobacteria,Pseudomonadales,Moraxellaceae,Acinetobacter,NA
Seq_187,0.183849669883189,0.215452389836425,0.183624256100529,0.331198940163391,0.204038976421057,0.244490662890521,0.177221847452007,0,0.183536055603823,0.185192367359603,0.205407001057785,0.217746325530757,0.150502129833171,0.192633849117444,0,0.259981993465044,0.167881005942988,0.195226541781865,Bacteria,Proteobacteria,Gammaproteobacteria,Pseudomonadales,Moraxellaceae,Acinetobacter,NA
Seq_74,0.250888776028441,0.55488017717649,0.938032344417159,0,0,0.375033188777768,0.292701889985251,0.287068434032059,0.310599478714162,0.268577412348743,0.603921182750732,0.539952036958025,0.307389198507749,0.274293850373752,0.360740896211565,0.335852225020991,0.702861811547975,0.372397449641709,Bacteria,Proteobacteria,Gammaproteobacteria,Pseudomonadales,Moraxellaceae,Acinetobacter,NA
Seq_252,0.232605383443372,0,0,0,0.318499865632869,0.133861403664041,0.092612707378146,0.099221639950678,0,0.106655290102389,0.318565348945905,0,0.093949814380707,0.099457693837811,0.125931367404764,0,0.196980380306439,0.305817299554252,Bacteria,Proteobacteria,Gammaproteobacteria,Pseudomonadales,Moraxellaceae,Acinetobacter,NA
Seq_310,0.256983240223464,0.243136216463451,0,0,0.178160862338386,0.445835914682715,0,0,0,0,0,0,0.306477064387548,0.288950773676166,0.205950257109875,0.303480926223787,0,0,Bacteria,Proteobacteria,Gammaproteobacteria,Burkholderiales,Alcaligenaceae,Achromobacter,NA
Seq_236,0.175723717623159,0,0.169244043273379,0,0.149296812015407,0.164837596247456,0.157784612570174,0.196516646115906,0.119461337966985,0.197797083462612,0,0.300136827082935,0.170569080477593,0.216713080257124,0.219068107881205,0,0.201457207131585,0.176042430739717,Bacteria,Bacteroidota,Bacteroidia,Sphingobacteriales,env.OPS 17,env.OPS 17_unclassified,NA
Seq_166,0.249873031995937,0.203415943476848,0.232295745669344,0.567454184146611,0.20503428850116,0.219045933268431,0.238963652370771,0.223489519112207,0.165073848827107,0,0.217706821480406,0,0.195196701723021,0.262777696350426,0,0.114311148877626,0,0.21892456130452,Bacteria,Bacteroidota,Bacteroidia,Sphingobacteriales,env.OPS 17,env.OPS 17_unclassified,NA
Seq_404,0,0,0,0,0,0.139392866625365,0.094899440893656,0.135827681874229,0.103171155516942,0.115381632019857,0,0,0.098510484981712,0.115161540233254,0.142984573407493,0.140612829150355,0,0,Bacteria,Proteobacteria,Gammaproteobacteria,Pseudomonadales,Moraxellaceae,Acinetobacter,NA
Seq_40,0.785170137125444,0.753481542109508,0.830733833322272,0,0,0,0.826654165856782,0,0.802562988705473,0.819306546695625,0,0,0.755247051526456,0.820787704935195,0.800188897051107,1.13501866407696,0.731961185911426,0.743666422163291,Bacteria,Proteobacteria,Gammaproteobacteria,Pseudomonadales,Pseudomonadaceae,Pseudomonas,NA
Seq_104,0.326053834433723,0.379148060326669,0.339594256764231,0,0.309542056911945,0.352907336932472,0.282411589165457,0.32174784217016,0.304083405734144,0.31511790257524,0.287815797889351,0.278067942738601,0.377623525763228,0.288950773676166,0.268915940812257,0.338887034283229,0.318973911291676,0.345313998758675,Bacteria,Proteobacteria,Gammaproteobacteria,Pseudomonadales,Moraxellaceae,Acinetobacter,NA
Seq_161,0.201117318435754,0.23350705937579,0.194685958275259,0.629277986310444,0.20901553682157,0.231215151783344,0.227529984793222,0.200369913686806,0.243266724587315,0.207493018926466,0.178347396128017,0.18684988744869,0.219824322968449,0.213572310978036,0.178402770490083,0.221541076143364,0.221602927844744,0,Bacteria,Proteobacteria,Gammaproteobacteria,Pseudomonadales,Moraxellaceae,Acinetobacter,NA
Seq_255,0.15744032503809,0,0,0,0.158254620736332,0.186963448092752,0,0.167617139334155,0.160729800173762,0.161922122246354,0.147597845071462,0.170666038929512,0,0.164366925605645,0.148231713716025,0.181076952646859,0,0,Bacteria,Proteobacteria,Gammaproteobacteria,Pseudomonadales,Moraxellaceae,Acinetobacter,NA
Seq_51,0.544438801422042,0.523585416641591,0.556403619388952,0,0.52751540245444,0.496725373926896,0.54767267696459,0.506704685573366,0.523457862728062,0.550729134346882,0.553491919017982,0.503170563050803,0.592887178130672,0.554869239305681,0.459124776996537,0.495685512832185,0.500285397710103,0,Bacteria,Proteobacteria,Gammaproteobacteria,Pseudomonadales,Moraxellaceae,Acinetobacter,NA
Seq_314,0.156424581005587,0.164899315126202,0.134952766531714,0,0.170198365697564,0.16594388883972,0.141777477961606,0,0,0,0,0.13388456502229,0,0.142381540652024,0.1193724420191,0,0.143258458404683,0,Bacteria,Proteobacteria,Gammaproteobacteria,Pseudomonadales,Moraxellaceae,Acinetobacter,NA
Seq_111,0.283392585068563,0.33220591952432,0.319683192849716,0,0.258781140826706,0.359545092486061,0.316712591898103,0.316931257706535,0.293223284100782,0.292817251008377,0.271826031339942,0.30602186290809,0.359380843359208,0.285810004397077,0.282033791583587,0.297411307699311,0.324569944823109,0.334029227557411,Bacteria,Proteobacteria,Gammaproteobacteria,Pseudomonadales,Moraxellaceae,Acinetobacter,NA
Seq_99,0.301675977653631,0.345446010519854,0.3285325545895,0.724221682490616,0.298593624030815,0.319718559164528,0.356730428419524,0.313077990135635,0,0.297665218740304,0.308725492607808,0.311906898733246,0.314686271469357,0.315123851001905,0.276786651275055,0.307527338573437,0.288755330221939,0.318230547875642,Bacteria,Proteobacteria,Gammaproteobacteria,Pseudomonadales,Moraxellaceae,Acinetobacter,NA
Seq_253,0,0.178139406121737,0,0,0.181146798578694,0.147136914771219,0.164644813116703,0,0,0.17743561898852,0.150057809155986,0,0.153238532193774,0,0,0,0.17683465959328,0.155729842577442,Bacteria,Proteobacteria,Gammaproteobacteria,Pseudomonadales,Moraxellaceae,Acinetobacter,NA
Seq_256,0,0,0.401539788942723,0,0,0,0,0.180140258939581,0.402910512597741,0.228824076946944,0,0,0,0.270106158001633,0.268915940812257,0.264028405814695,0.22943737478875,0.345313998758675,Bacteria,Proteobacteria,Alphaproteobacteria,Sphingomonadales,Sphingomonadaceae,Sphingomonas,NA
Seq_168,0.232605383443372,0.231099770103875,0.196898298710206,0,0.253804580426193,0.186963448092752,0.20123254936486,0.236975955610358,0.19005212858384,0.197797083462612,0.23123662394529,0.245700245700246,0.283673711382522,0,0,0.22356428231819,0.230556581495036,0.211025221463635,Bacteria,Proteobacteria,Gammaproteobacteria,Pseudomonadales,Moraxellaceae,Acinetobacter,NA
Seq_188,0.203148806500762,0.191379497117271,0.171456383708325,0.401854714064915,0.188113983139413,0.217939640676166,0.192085615302821,0.203259864364982,0.191138140747176,0.19004033509153,0.198027108804211,0.180964851623534,0.173305482838197,0.195774618396533,0.187585266030014,0,0.189145933362433,0.214410652824014,Bacteria,Proteobacteria,Gammaproteobacteria,Pseudomonadales,Moraxellaceae,Acinetobacter,NA
Seq_200,0,0,0.198004468927679,0,0.201053040180749,0.182538277723692,0,0.207113131935882,0.201998262380539,0.184222773813217,0.222626749649455,0.228045138224779,0.192460299362418,0.184258464373207,0.162661349564487,0,0,0,Bacteria,Proteobacteria,Gammaproteobacteria,Pseudomonadales,Moraxellaceae,Acinetobacter,NA
Seq_195,0.196038598273235,0.209434166656636,0.170350213490852,0,0.208020224741468,0.212408177714842,0.157784612570174,0.195553329223181,0.180278019113814,0.196827489916227,0.198027108804211,0.20009121805529,0.171481214597794,0.181117695094118,0.167908489873019,0.278190849038471,0.156688938880122,0.221181515544772,Bacteria,Proteobacteria,Gammaproteobacteria,Pseudomonadales,Moraxellaceae,Acinetobacter,NA
Seq_124,0.292534281361097,0.290078357265801,0,0,0.249823332105782,0.319718559164528,0.272121288345663,0.282251849568434,0.285621198957428,0.290878063915607,0.261986175001845,0.291309273345201,0.32654401503197,0,0,0.296399704611898,0.302185810697378,0,Bacteria,Proteobacteria,Gammaproteobacteria,Pseudomonadales,Moraxellaceae,Acinetobacter,NA
Seq_24,0.76790248857288,0.78838723655228,0.753301918099157,0,0.716624697673956,0.671519603504735,0.84266130046535,0.733084155363748,0.761294526498697,0.775674837108284,0.757668938033505,0.750342067707337,0.818184305820328,0.727611549655562,0.713611081960332,0.803212851405622,0.72748435908628,0.898267787620606,Bacteria,Proteobacteria,Gammaproteobacteria,Pseudomonadales,Moraxellaceae,Acinetobacter,NA
Seq_13,1.02793296089385,1.01226513884041,1.00993340855291,2.57893574740561,0.966448029779738,0.935923533056023,1.11135248853775,0.941160604192355,0.960034752389227,0.988015823766677,1.02580502324666,1.02399623357707,0.984192715696916,0.944324629912687,0.939238115227201,1.02374232446157,0.893126951616694,1.07092478699994,Bacteria,Proteobacteria,Gammaproteobacteria,Pseudomonadales,Moraxellaceae,Acinetobacter,NA
Seq_233,0,0,0.185836596535475,0,0.176170238178181,0,0.137204010930586,0.15124075215783,0.196568201563858,0.153195780328886,0.191877198592901,0.223631361355912,0,0.146569233024142,0,0.243796344066442,0.147735285229829,0.198611973142245,Bacteria,Proteobacteria,Gammaproteobacteria,Pseudomonadales,Moraxellaceae,Acinetobacter,NA
Seq_301,0,0,0,0,0.430970130684476,0,0.472210470952767,0,0.254126846220678,0.112472851380701,0,0,0.104895423823119,0,0.352870185748767,0.267063215076932,0.239510235145329,0,Bacteria,Bacteroidota,Bacteroidia,Chitinophagales,Chitinophagaceae,Sediminibacterium,NA
Seq_189,0,0,0.19136744762284,0.501214396113932,0.244846771705268,0.161518718470661,0.190942248545066,0.212893033292232,0,0.172587651256593,0,0,0.20249377468463,0.197868464582592,0.171843845104418,0,0,0,Bacteria,Proteobacteria,Gammaproteobacteria,Pseudomonadales,Moraxellaceae,Acinetobacter,NA
Seq_144,0.271203656678517,0.284060134086012,0.235614256321763,0,0.275701446188452,0,0,0.316931257706535,0.240008688097307,0.234641638225256,0.234926570072077,0.230987656137357,0.212527250006841,0.22718231118742,0,0,0.220483721138457,0,Bacteria,Proteobacteria,Gammaproteobacteria,Pseudomonadales,Moraxellaceae,Acinetobacter,NA
Seq_275,0,0,0.388265746333046,0,0.225935842183317,0.259978759182229,0,0.221562885326757,0,0.309300341296928,0,0.100045609027645,0,0.268012311815574,0,0.151740463111893,0.236152615026469,0.148958979856683,Bacteria,Proteobacteria,Gammaproteobacteria,Enterobacterales,Shewanellaceae,Shewanella,NA
Seq_176,0.231589639410868,0,0.186942766752948,0.452638551556635,0.233898338824138,0.185857155500487,0.19894581584935,0,0.175933970460469,0.215249767297549,0,0.211861289705601,0.184251092280609,0,0.194144191415678,0.187146571171335,0.224960547963603,0.204254358742876,Bacteria,Proteobacteria,Gammaproteobacteria,Pseudomonadales,Moraxellaceae,Acinetobacter,NA
Seq_108,0.286439817166074,0.339427787340066,0,0,0,0.279892025842995,0,0,0.270417028670721,0.293786844554763,0.301345600354235,0.325148229339846,0.321983344430965,0.37898615967671,0.263668800503725,0.338887034283229,0.333523598473402,0,Bacteria,Proteobacteria,Gammaproteobacteria,Pseudomonadales,Moraxellaceae,Acinetobacter,NA
Seq_23,0.727272727272727,0,0,0,3.20291427377054,3.41070006195239,0.728324624689862,3.38316892725031,0,0,0,0,0.727883027920425,0,0,0,0,0,Bacteria,Proteobacteria,Gammaproteobacteria,Pseudomonadales,Pseudomonadaceae,Pseudomonas,NA
Seq_35,0.607414931437278,0.649968103417147,0.661489790048893,0,0.639985667506047,0,0.662009352740078,0.603999691738594,0.627715030408341,0.702955321129383,0.683870015497774,0.667951566155159,0.672242846588162,0.663749240980758,0.599485780249764,0.692948114877647,0.601014001275896,0.708683631439373,Bacteria,Proteobacteria,Gammaproteobacteria,Pseudomonadales,Moraxellaceae,Acinetobacter,NA
Seq_170,0.182833925850686,0.232303414739832,0.211278511537355,0.649149922720247,0.193090543539927,0.201345251792194,0.214952950457918,0,0.166159860990443,0.216219360843934,0.179577378170279,0,0.235330603011867,0.218806926443184,0.178402770490083,0.229633900842665,0.196980380306439,0.187327201940981,Bacteria,Proteobacteria,Gammaproteobacteria,Pseudomonadales,Moraxellaceae,Acinetobacter,NA
Seq_157,0.412392077196546,0.438126647488595,0,0,0.34437797971554,0.708027259049473,0,0,0,0,0,0,0.518092180274188,0.457505391653929,0.314828418511911,0.575602156737782,0,0,Bacteria,Proteobacteria,Gammaproteobacteria,Burkholderiales,Alcaligenaceae,Achromobacter,NA
Seq_205,0,0,0.233401915886817,0,0.452866996446736,0.386096114700416,0.200089182607105,0.240829223181258,0,0,0,0.450205240624402,0.166008409876588,0.182164618187148,0,0.343945049720292,0.35702693930542,0.205382835863003,Bacteria,Proteobacteria,Gammaproteobacteria,Enterobacterales,Shewanellaceae,Shewanella,NA
Seq_212,0,0,0,0,0.192095231459824,0.153774670324807,0.188655515029556,0.210003082614057,0.173761946133797,0.178405212534905,0,0.207447512836734,0,0.195774618396533,0,0,0.200338000425299,0.182813293460475,Bacteria,Proteobacteria,Gammaproteobacteria,Pseudomonadales,Moraxellaceae,Acinetobacter,NA
Seq_165,0.247841543930929,0.211841455928552,0.204641490232517,0,0,0.194707496238605,0.228673351550977,0.226379469790382,0.175933970460469,0.230763264039715,0,0.255999058394268,0.227121395930058,0.226135388094391,0.179714555567216,0.222552679230777,0.264132782683634,0.224566946905151,Bacteria,Proteobacteria,Gammaproteobacteria,Pseudomonadales,Moraxellaceae,Acinetobacter,NA
Seq_325,0.147282884713052,0,0.142695958054025,0,0.12839525833325,0.128329940702717,0,0,0.084708948740226,0.141560657772262,0,0,0,0.153897694675349,0,0.098125499479024,0,0.115104666252892,Bacteria,Bacteroidota,Bacteroidia,Sphingobacteriales,env.OPS 17,env.OPS 17_unclassified,NA
Seq_221,0.181818181818182,0,0,0,0.167212429457256,0,0.186368781514046,0.209039765721332,0.183536055603823,0.198766677008998,0.183267324297065,0.164781003104356,0.191548165242217,0.180070772001089,0.149543498793158,0.191192983520986,0.181311486418427,0.196355018901992,Bacteria,Proteobacteria,Gammaproteobacteria,Pseudomonadales,Moraxellaceae,Acinetobacter,NA
Seq_246,0,0,0.154863830446229,0.278207109737249,0.175174926098078,0.175900522170104,0.166931546632213,0.210966399506782,0.161815812337098,0,0,0.129470788153423,0.168744812237191,0.141334617558994,0,0,0.146616078523542,0.182813293460475,Bacteria,Proteobacteria,Gammaproteobacteria,Pseudomonadales,Moraxellaceae,Acinetobacter,NA
Seq_159,0,0,0.233401915886817,0.534334290130272,0.25280926834609,0,0.227529984793222,0.231196054254007,0.199826238053866,0.209432206019237,0.239846498241126,0.236872691962512,0,0,0.188897051107147,0.212436648356651,0.246225475383049,0,Bacteria,Proteobacteria,Gammaproteobacteria,Pseudomonadales,Moraxellaceae,Acinetobacter,NA
Seq_231,0,0.178139406121737,0.186942766752948,0,0.156263996576126,0.194707496238605,0.20351928288037,0.171470406905055,0.165073848827107,0,0.153747755282773,0,0.200669506444228,0.187399233652296,0,0.201309014395112,0.167881005942988,0.192969587541613,Bacteria,Proteobacteria,Gammaproteobacteria,Pseudomonadales,Moraxellaceae,Acinetobacter,NA
Seq_230,0.196038598273235,0,0,0,0.196076479780235,0.19360120364634,0.179508580967517,0,0,0.181313993174061,0.170967503874443,0,0.172393348717995,0.182164618187148,0,0.131508401363641,0,0,Bacteria,Proteobacteria,Gammaproteobacteria,Pseudomonadales,Moraxellaceae,Acinetobacter,NA
Seq_238,0.180802437785678,0.185361273937483,0.170350213490852,0,0.152282748255716,0,0.172648380420988,0.183030209617756,0.146611642050391,0,0.152517773240511,0.172137297885801,0,0.166460771791704,0.173155630181551,0.169949318685321,0,0,Bacteria,Proteobacteria,Gammaproteobacteria,Pseudomonadales,Moraxellaceae,Acinetobacter,NA
Seq_208,0.219400711020823,0.192583141753229,0.172562553925798,0,0.19408585562003,0.209089299938048,0.14520757823487,0,0.183536055603823,0.161922122246354,0.179577378170279,0.260412835263135,0.193372433482619,0.208337695512888,0.145608143561759,0.232668710104903,0.152212112054975,0.194098064661739,Bacteria,Proteobacteria,Gammaproteobacteria,Pseudomonadales,Moraxellaceae,Acinetobacter,NA
Seq_12,1.37734890807517,1.46603916659645,1.43249043162762,0,0,0,1.41434467934279,0,1.4118158123371,1.4766909711449,0,1.04312260000883,1.39921374038839,1.48453694591595,1.24488403819918,1.9716144173672,1.32066391341817,1.32370366190825,Bacteria,Proteobacteria,Gammaproteobacteria,Pseudomonadales,Pseudomonadaceae,Pseudomonas,NA
Seq_198,0,0.204619588112806,0,0,0.177165550258283,0.201345251792194,0.179508580967517,0.180140258939581,0.183536055603823,0.186161960905988,0.16358761162087,0.172137297885801,0,0.168554617977763,0.17709098541295,0.203332220569937,0.203695620544158,0.187327201940981,Bacteria,Proteobacteria,Gammaproteobacteria,Pseudomonadales,Moraxellaceae,Acinetobacter,NA
Seq_152,0.153377348908075,0.343038721247939,0.555297449171478,0,0,0.215727055491636,0,0.169543773119605,0.183536055603823,0.17743561898852,0.420653858453667,0.286895496476335,0.168744812237191,0.157038463954438,0.216444537726939,0.196250998958049,0.393960760612878,0.21553912994414,Bacteria,Proteobacteria,Gammaproteobacteria,Pseudomonadales,Moraxellaceae,Acinetobacter,NA
Seq_128,0.268156424581006,0.262394530638774,0.292028937412889,0,0.279682694508863,0.304230462872821,0.288128422954231,0.29862823674476,0.263900955690704,0.314148309028855,0.252146318663748,0.189792405361268,0.260870358377496,0.255449234699219,0.266292370657991,0.225587488493015,0.247344682089335,0.330643796197032,Bacteria,Proteobacteria,Gammaproteobacteria,Pseudomonadales,Moraxellaceae,Acinetobacter,NA
Seq_19,0.909090909090909,0.925602725051456,0,2.21020092735703,0.899762120412856,0.875077440481459,0.902116371868604,0.903591245376079,0.816681146828844,0.866816630468508,0,0.882755373773338,0.840987658825354,0.83439770514458,0,0.927640031157375,0.830451376064645,0.952434689386673,Bacteria,Proteobacteria,Gammaproteobacteria,Pseudomonadales,Moraxellaceae,Acinetobacter,NA
Seq_271,0.163534789233113,0.156473802674498,0.155970000663702,0,0.165221805297051,0.173687936985574,0.146350944992625,0.175323674475956,0.159643788010426,0.165800496431896,0,0.130942047109712,0.15871133691498,0.15285077158232,0.137737433098961,0,0.147735285229829,0,Bacteria,Proteobacteria,Gammaproteobacteria,Pseudomonadales,Moraxellaceae,Acinetobacter,NA
Seq_304,0,0,0,0.735261647162729,0,0.147136914771219,0.112049942259979,0.119451294697904,0.19874022589053,0.159013341607198,0,0.185378628492401,0.137732252150356,0.097363847651752,0.178402770490083,0.183100158821685,0,0.171528522259211,Bacteria,Proteobacteria,Gammaproteobacteria,Pseudomonadales,Moraxellaceae,Acinetobacter,NA
Seq_54,0.568816658202133,0.541640086180956,0.569677661998628,0,0,0.517744933179927,0.548816043722345,0.522117755856967,0,0.538124418243872,0.505522619369757,0.478159160793891,0.505322302591373,0.564291547142947,0,0.552335285727292,0.490212537353524,0.559724651582689,Bacteria,Proteobacteria,Gammaproteobacteria,Pseudomonadales,Moraxellaceae,Acinetobacter,NA
Seq_66,0.458100558659218,0.465810474115622,0.460166810468795,0,0.513581033333002,0.565315514647314,0.457346703101954,0.558723797780518,0.478931364031277,0.445043437790878,0.463703229932843,0.376642292809957,0.425054500013682,0.427144621956071,0.394847308217022,0.344956652807704,0.421940928270042,0.573266377024206,Bacteria,Proteobacteria,Gammaproteobacteria,Pseudomonadales,Moraxellaceae,Acinetobacter,NA
Seq_181,0.210259014728288,0.214248745200467,0.225658724364505,0,0.193090543539927,0.204664129568988,0.218383050731183,0.212893033292232,0,0.195857896369842,0.186957270423852,0,0.277288772541114,0.218806926443184,0.196767761569944,0.197262602045461,0.17683465959328,0.211025221463635,Bacteria,Proteobacteria,Gammaproteobacteria,Pseudomonadales,Moraxellaceae,Acinetobacter,NA
Seq_210,0.183849669883189,0,0.22012787327714,0,0.198067103940441,0.232321444375608,0,0.194590012330456,0,0,0,0,0,0,0,0,0.183549899831,0.207639790103256,Bacteria,Proteobacteria,Gammaproteobacteria,Pseudomonadales,Moraxellaceae,Acinetobacter,NA
Seq_196,0.211274758760792,0.223877902288128,0,0,0,0.173687936985574,0.166931546632213,0.216746300863132,0.184622067767159,0.201675457648154,0,0,0.197020969963423,0.17797692581503,0,0.188158174258748,0.237271821732756,0.188455679061107,Bacteria,Proteobacteria,Gammaproteobacteria,Pseudomonadales,Moraxellaceae,Acinetobacter,NA
Seq_173,0.239715591670899,0,0.238932766974182,0,0.20901553682157,0.211301885122577,0.210379483426899,0.234086004932183,0.161815812337098,0,0.201717054930998,0,0,0.261730773257397,0,0.159833287811194,0.27196722962764,0.180556339220222,Bacteria,Bacteroidota,Bacteroidia,Sphingobacteriales,env.OPS 17,env.OPS 17_unclassified,NA
Seq_27,0.848146267140681,0.823292930995053,0.918121280502644,0,0,0,0.832370999645556,0,1.00781928757602,0.988015823766677,0,0,0.936761741446462,0.956887707029042,0.919561339070207,1.24629500369235,0.85843154372181,0.841843931614287,Bacteria,Proteobacteria,Gammaproteobacteria,Pseudomonadales,Pseudomonadaceae,Pseudomonas,NA
Seq_30,0.707973590655155,0.690892021039708,0.650428087874162,0,0.701695016472415,0.591866536861669,0.734041458478636,0.693588162762022,0.708079930495222,0.714590443686007,0.621140931342402,0.619400020597625,0.654912298304343,0.617684624887456,0.574561863784238,0.722284604412613,0.659212750002798,0.736895559442532,Bacteria,Proteobacteria,Gammaproteobacteria,Pseudomonadales,Moraxellaceae,Acinetobacter,NA
Seq_134,0.262061960385983,0.26961639845452,0.256631490453751,0,0.261767077067014,0.238959199929197,0.267547821314643,0.277435265104809,0.230234578627281,0.253063915606578,0.284125851762564,0.25305654048169,0.268167431339104,0.243933080675894,0.221691678035471,0.252900771853156,0,0.28437623427185,Bacteria,Proteobacteria,Gammaproteobacteria,Pseudomonadales,Moraxellaceae,Acinetobacter,NA
Seq_88,0.348400203148806,0.33702049806815,0.407070640030088,0,0,0,0.361303895450544,0.326564426633785,0.364900086880973,0.34032733478126,0.396054217608423,0.350159631596757,0.37032645280162,0,0.312204848357645,0.373281539255258,0,0.410765671726006,Bacteria,Proteobacteria,Gammaproteobacteria,Pseudomonadales,Moraxellaceae,Acinetobacter,NA
Seq_116,0.295581513458608,0,0,0,0,0,0,0.31211467324291,0.262814943527368,0.272455786534285,0.297655654227448,0.320734452470979,0,0,0.280722006506454,0,0.301066603991091,0.29678948259324,Bacteria,Proteobacteria,Gammaproteobacteria,Pseudomonadales,Moraxellaceae,Acinetobacter,NA
Seq_135,0.188928390045708,0.263598175274732,0.238932766974182,0.664605873261206,0.20503428850116,0.231215151783344,0.243537119401791,0.236012638717633,0.253040834057341,0.208462612472851,0.230006641903028,0.195677441186423,0.27364023606031,0.246026926861953,0.223003463112604,0.248854359503505,0.256298335739628,0.283247757151724,Bacteria,Proteobacteria,Gammaproteobacteria,Pseudomonadales,Moraxellaceae,Acinetobacter,NA
Seq_142,0.287455561198578,0,0.299772128935201,0,0.231907714663933,0.259978759182229,0.234390185339751,0.273581997533909,0.193310165073849,0.272455786534285,0.217706821480406,0.264826612132001,0.246276212454279,0.319311543374024,0.325322699128975,0.103183514916088,0.296589777165945,0.217796084184393,Bacteria,Bacteroidota,Bacteroidia,Sphingobacteriales,env.OPS 17,env.OPS 17_unclassified,NA
Seq_237,0.174707973590655,0.182953984665567,0,0,0.198067103940441,0.152668377732543,0.172648380420988,0.188810110974106,0,0.183253180266832,0,0.195677441186423,0.160535605155382,0,0.14167278833036,0.182088555734272,0.174596246180707,0.167014613778706,Bacteria,Proteobacteria,Gammaproteobacteria,Pseudomonadales,Moraxellaceae,Acinetobacter,NA
Seq_147,0.23463687150838,0.267209109182605,0.236720426539236,0,0.277692070348658,0,0.253827420221584,0.290921701602959,0.254126846220678,0.240459199503568,0,0.222160102399623,0.223472859449253,0.232416926652568,0.19939133172421,0.193216189695811,0.241748648557902,0,Bacteria,Proteobacteria,Gammaproteobacteria,Pseudomonadales,Moraxellaceae,Acinetobacter,NA
Seq_186,0.187912646013205,0.210637811292594,0,0,0.24186083546496,0.180325692539163,0.293845256743005,0.224452836004932,0,0.212340986658393,0.189417234508376,0.223631361355912,0.21161511588664,0,0,0.22761069466784,0.201457207131585,0.191841110421486,Bacteria,Proteobacteria,Gammaproteobacteria,Pseudomonadales,Moraxellaceae,Acinetobacter,NA
Seq_6,1.38445911630269,1.65019679589798,1.971195327537,2.15279311106204,0,0,1.40748447879626,0,1.5736316246742,1.56298479677319,1.86465277606947,1.10638673512925,1.26421789059863,1.62587156347495,1.49149963270018,1.30294477658746,1.59934638328353,1.73559781075439,Bacteria,Proteobacteria,Gammaproteobacteria,Pseudomonadales,Pseudomonadaceae,Pseudomonas,NA
Seq_311,0.302691721686135,0,0,0,0.278687382428761,0,0,0,0.143353605560382,0.199736270555383,0,0,0.186075360521011,0,0.427641935145346,0.245819550241267,0.21936451443217,0,Bacteria,Bacteroidota,Bacteroidia,Chitinophagales,Chitinophagaceae,Sediminibacterium,NA
Seq_93,0.336211274758761,0.361093390787304,0.318577022632243,0,0.425993570283963,0.313080803610939,0.325859525960142,0.375693588162762,0.31385751520417,0.34032733478126,0.346854935917936,0.434021392105225,0.349347368036996,0.366423082560355,0.258421660195194,0.359119096031481,0.368219006368286,0.391581560683857,Bacteria,Proteobacteria,Gammaproteobacteria,Pseudomonadales,Moraxellaceae,Acinetobacter,NA
Seq_182,0,0,0.24556978827902,0.527710311327004,0.204038976421057,0,0,0,0.161815812337098,0.242398386596339,0.204177019015522,0,0.199757372324027,0,0,0,0,0.1625007052982,Bacteria,Bacteroidota,Bacteroidia,Sphingobacteriales,env.OPS 17,env.OPS 17_unclassified,NA
Seq_154,0,0,0.536492555474436,0,0.50561853669218,0.320824851756793,0,0.233122688039457,0,0,0,0.617928761641336,0.450594255379311,0.248120773048012,0,0.437012533762253,0,0.367883541161203,Bacteria,Proteobacteria,Gammaproteobacteria,Enterobacterales,Shewanellaceae,Shewanella,NA
Seq_110,0.289487049263586,0,0.31415234176235,0,0,0.297592707319232,0,0.313077990135635,0.291051259774109,0.28603009618368,0.327175223241741,0.361929703247069,0.318334807950161,0,0.240056669115332,0.335852225020991,0,0,Bacteria,Proteobacteria,Gammaproteobacteria,Pseudomonadales,Moraxellaceae,Acinetobacter,NA
Seq_48,0.683595733875063,0.618673342882248,0,0,0.523534154134029,0.627267899814143,0.604841014852334,0,0.615768896611642,0.566242631089047,1.43169909719318,0,0.611129860534693,0.646998471492284,0.586367929478434,0.619101089496525,0.568557006793585,0.626304801670146,Bacteria,Proteobacteria,Gammaproteobacteria,Pseudomonadales,Pseudomonadaceae,Pseudomonas,NA
Seq_180,0,0.244339861099409,0.228977235016924,0,0,0.19360120364634,0,0,0.174847958297133,0.194888302823456,0,0.225102620312201,0.223472859449253,0,0.173155630181551,0.201309014395112,0,0.214410652824014,Bacteria,Proteobacteria,Gammaproteobacteria,Pseudomonadales,Moraxellaceae,Acinetobacter,NA
Seq_374,0.125952260030472,0,0,0,0,0.125011062925923,0,0,0.111859252823632,0.144469438411418,0.122998204226218,0,0,0,0.182338125721482,0.047545345108393,0.165642592530414,0,Bacteria,Bacteroidota,Bacteroidia,Sphingobacteriales,env.OPS 17,env.OPS 17_unclassified,NA
Seq_17,1.05535804977146,0.976155799761678,1.07298511094887,0,0.965452717699635,0.883927781219577,0.961571443271858,0.910334463625154,0.970894874022589,0.946323301272107,1.00120538240142,0.971030911150672,0.975983508615107,0.953746937749953,0.905131703221744,0.9296632373322,0.935656806455584,1.12396321164588,Bacteria,Proteobacteria,Gammaproteobacteria,Pseudomonadales,Moraxellaceae,Acinetobacter,NA
Seq_190,0,0,0.619455321784916,0.781629498785604,0,0,0,0,0,0.389776605646913,0,0,0,0,0.440759785916675,0,0.612206068338761,0.655645206793432,Bacteria,Proteobacteria,Gammaproteobacteria,Pseudomonadales,Pseudomonadaceae,Pseudomonas,NA
Seq_44,0.790248857287963,0,0.824096812017433,0,0,0,0.777489395273322,0,0.739574283231972,0.831911262798635,0,0,0.799941623416307,0.830210012772462,0.758211774582852,1.041951180035,0.67488164389081,0.777520735767082,Bacteria,Proteobacteria,Gammaproteobacteria,Pseudomonadales,Pseudomonadaceae,Pseudomonas,NA
Seq_220,0.199085830370747,0,0,0,0,0,0,0,0,0.197797083462612,0,0,0.196108835843222,0.180070772001089,0,0,0.181311486418427,0.180556339220222,Bacteria,Proteobacteria,Gammaproteobacteria,Pseudomonadales,Moraxellaceae,Acinetobacter,NA
Seq_248,0.15744032503809,0.178139406121737,0.167031702838433,0,0.193090543539927,0.191388618461811,0.158927979327929,0.183030209617756,0.155299739357081,0.16289171579274,0.148827827113724,0.170666038929512,0.145941459232166,0.164366925605645,0.140361003253227,0,0.174596246180707,0.180556339220222,Bacteria,Proteobacteria,Gammaproteobacteria,Pseudomonadales,Moraxellaceae,Acinetobacter,NA
Seq_92,0.286439817166074,0.410442820861569,0.349549788721488,0,0.340396731395129,0.392733870254005,0.340723293810956,0.348720715166461,0.381190269331017,0.339357741234874,0.329635187326265,0.361929703247069,0.42323023177328,0.360141544002178,0.326634484206108,0.387443982479035,0.333523598473402,0.380296789482593,Bacteria,Proteobacteria,Gammaproteobacteria,Pseudomonadales,Moraxellaceae,Acinetobacter,NA
Seq_103,0.332148298628746,0.345446010519854,0.31747085241477,0,0.404096704521703,0.387202407292681,0.329289626233407,0.397849876695438,0.306255430060817,0.302513186472231,0.312415438734594,0.269240389000868,0.28184944314212,0.274293850373752,0.282033791583587,0.265040008902107,0.323450738116823,0.344185521638549,Bacteria,Proteobacteria,Gammaproteobacteria,Pseudomonadales,Moraxellaceae,Acinetobacter,NA
Seq_10,1.1193499238192,1.07365101527425,1.15926638791177,2.74674321042173,1.09683391227319,0.985706699707939,1.00387601330879,1.07698828606658,1.04582971329279,1.08497517840521,1.04794470000738,0.998984831320161,1.03344795818777,1.02284386188991,0.932679189841536,1.02475392754899,1.00392841553907,1.22552615245726,Bacteria,Proteobacteria,Gammaproteobacteria,Pseudomonadales,Moraxellaceae,Acinetobacter,NA
Seq_4,1.64042661249365,1.91379497117271,2.43025596778832,2.65842349304482,0,0,1.80423274373721,0,2.00260642919201,2.00221067328576,2.40092494649578,1.32266180170372,1.59897111271241,2.08128310894282,2.03195508447896,1.57708921327628,1.98211507683354,2.11476612311685,Bacteria,Proteobacteria,Gammaproteobacteria,Pseudomonadales,Pseudomonadaceae,Pseudomonas,NA
Seq_5,1.66683595733875,1.85120545010291,2.31078958430123,2.76661514683153,0,0,1.57670275894399,0,2.05582102519548,1.88101147998759,2.4685739588202,1.24321381806412,1.54880373610136,1.97240310726774,1.87716444537727,1.40107027606648,1.83997582513514,1.9928905941432,Bacteria,Proteobacteria,Gammaproteobacteria,Pseudomonadales,Pseudomonadaceae,Pseudomonas,NA
Seq_245,0.154393092940579,0,0,0,0,0.190282325869546,0,0,0.161815812337098,0.148347812596959,0.159897665494084,0.170666038929512,0,0.144475386838083,0.144296358484626,0.195239395870636,0.146616078523542,0,Bacteria,Proteobacteria,Gammaproteobacteria,Pseudomonadales,Moraxellaceae,Acinetobacter,NA
Seq_202,0.256983240223464,0.222674257652171,0,0,0.354331100516567,0.152668377732543,0.106333108471204,0.119451294697904,0,0.122168786844555,0.380064451059015,0,0.108543960303923,0.112020770954166,0.153478854024557,0.118357561227277,0,0.436720645488913,Bacteria,Proteobacteria,Gammaproteobacteria,Pseudomonadales,Moraxellaceae,Acinetobacter,NA
Seq_46,0.566785170137125,0.569323912807983,0,0,0.55339351653711,0.494512788742367,0.575113479150707,0,0,0.564303443996277,0,0.516411893657403,0.549104740361023,0.523461546514793,0,0,0,0,Bacteria,Proteobacteria,Gammaproteobacteria,Pseudomonadales,Moraxellaceae,Acinetobacter,NA
Seq_34,0.677501269680041,0.564509334264152,1.09621468551581,1.01126076396556,0,0,0.603697648094579,0,0.899218071242398,0.808641017685386,1.0245750412044,0.650296458679692,0.635757481780121,0.888837705982119,0.771329625354182,0.403629631877636,0.802471208407481,0.859899565536309,Bacteria,Proteobacteria,Gammaproteobacteria,Pseudomonadales,Pseudomonadaceae,Pseudomonas,NA
Seq_119,0.317927882173692,0.237117993283663,0.330744895024446,0.750717597703687,0.275701446188452,0.264403929551288,0.275551388618927,0.324637792848335,0.19874022589053,0.302513186472231,0.346854935917936,0,0.235330603011867,0.307795389350698,0.375170532060027,0.12341557666434,0.361503766130567,0.233594763866163,Bacteria,Bacteroidota,Bacteroidia,Sphingobacteriales,env.OPS 17,env.OPS 17_unclassified,NA
Seq_313,0,0.161288381218329,0,0,0,0,0,0.183993526510481,0.301911381407472,0.169678870617437,0,0,0,0.242886157582864,0.220379892958338,0.221541076143364,0.216006894313311,0,Bacteria,Proteobacteria,Alphaproteobacteria,Sphingomonadales,Sphingomonadaceae,Sphingomonas,NA
Seq_259,0.169629253428136,0.18656491857344,0,0,0,0,0,0,0.196568201563858,0.152226186782501,0,0.189792405361268,0,0.149710002303231,0.142984573407493,0.217494663793714,0.170119419355561,0.180556339220222,Bacteria,Proteobacteria,Gammaproteobacteria,Pseudomonadales,Moraxellaceae,Acinetobacter,NA
Seq_120,0.314880650076181,0.328594985616447,0.294241277847835,0.479134466769706,0.314518617312458,0.295380122134702,0.246967219675055,0.315004623921085,0.287793223284101,0.281182128451753,0.27059604929768,0.220688843443334,0.260870358377496,0.268012311815574,0.228250603421135,0.186134968083923,0.255179129033341,0.287761665632229,Bacteria,Proteobacteria,Gammaproteobacteria,Pseudomonadales,Moraxellaceae,Acinetobacter,NA
Seq_123,0.175723717623159,0.388777217414331,0.642684896351851,0,0,0.266616514735817,0.171505013663233,0.173397040690506,0.213944396177237,0.211371393112007,0.500602691200708,0.364872221159646,0.214351518247243,0.188446156745325,0.267604155735124,0.218506266881127,0.490212537353524,0.30017491395362,Bacteria,Proteobacteria,Gammaproteobacteria,Pseudomonadales,Moraxellaceae,Acinetobacter,NA
Seq_229,0,0.169713893670033,0.170350213490852,0.362110841245308,0.173184301937873,0.186963448092752,0.155497879054664,0.201333230579531,0.183536055603823,0.156104560968042,0,0.161838485191779,0.179690421679604,0.149710002303231,0.137737433098961,0,0.158927352292695,0.183941770580601,Bacteria,Proteobacteria,Gammaproteobacteria,Pseudomonadales,Moraxellaceae,Acinetobacter,NA
Seq_383,0.123920771965465,0,0.13716510696666,0,0,0,0,0,0,0,0.109468401761334,0,0.117665301505933,0,0,0,0.138781631579536,0.092535123850364,Bacteria,Bacteroidota,Bacteroidia,Sphingobacteriales,env.OPS 17,env.OPS 17_unclassified,NA
Seq_50,0.52006094464195,0.578953069895644,0.53428021503949,0,0.474763862208996,0.618417559076024,0.544242576691325,0.563540382244143,0.513683753258037,0.513884579584238,0.494452780989398,0.50611308096338,0.623899738217508,0.533930777445089,0.480113338230664,0.553346888814705,0.511477464772969,0.565367037183321,Bacteria,Proteobacteria,Gammaproteobacteria,Pseudomonadales,Moraxellaceae,Acinetobacter,NA
Seq_344,0,0,0.265480852193536,0,0.254799892506295,0.203557836976724,0.286985056196476,0.16472718865598,0,0,0,0.283952978563757,0.121313837986738,0.12667769425658,0,0.222552679230777,0,0,Bacteria,Proteobacteria,Gammaproteobacteria,Enterobacterales,Shewanellaceae,Shewanella,NA
Seq_114,0.282376841036059,0.328594985616447,0,0,0,0.271041685104877,0.298418723774025,0.311151356350185,0.250868809730669,0.282151721998138,0.291505744016137,0,0,0,0,0.339898637370641,0.349192492361414,0,Bacteria,Proteobacteria,Gammaproteobacteria,Pseudomonadales,Moraxellaceae,Acinetobacter,NA
Seq_167,0.189944134078212,0.208230522020679,0.212384681754828,0.399646721130492,0.193090543539927,0.22125851845296,0.190942248545066,0.188810110974106,0.217202432667246,0.212340986658393,0.18572728838159,0.185378628492401,0.250836883055284,0.220900772629243,0.182338125721482,0.220529473055952,0.210410860781878,0.225695424025278,Bacteria,Proteobacteria,Gammaproteobacteria,Pseudomonadales,Moraxellaceae,Acinetobacter,NA
Seq_43,0.561706449974606,0.583767648439475,0.659277449613947,0.715389710752926,0.548416956136597,0.494512788742367,0.555676244268874,0.579916769420469,0.608166811468288,0.588543282655911,0,0.581147287734114,0.580117300447858,0.547540777654474,0.489295833770595,0.614043074059462,0.536100012311274,0.659030638153811,Bacteria,Proteobacteria,Gammaproteobacteria,Pseudomonadales,Moraxellaceae,Acinetobacter,NA
Seq_239,0,0,0,0,0.168207741537359,0.214620762899372,0,0,0.154213727193745,0,0,0,0.164184141636186,0.169601541070793,0.161349564487354,0.176018937209796,0.164523385824128,0.177170907859843,Bacteria,Proteobacteria,Gammaproteobacteria,Pseudomonadales,Moraxellaceae,Acinetobacter,NA
Seq_397,0,0,0,0,0.16124055697664,0.244490662890521,0.172648380420988,0.266838779284834,0,0,0,0.057379099295267,0,0,0,0.298422910786724,0.389483933787731,0,Bacteria,Proteobacteria,Gammaproteobacteria,Enterobacterales,Shewanellaceae,Shewanella,NA
Seq_11,1.03301168105637,1.08087288309,1.07851596203624,2.57231176860234,0.997302704262922,0.907159925657138,0.984438778426956,1.00762946979038,1.01650738488271,1.06364412038473,1.13773338909252,0.935720696199738,0.98784125217772,0.990389246005988,0.888078497219016,1.01868430902451,0.928941566217865,1.12734864300626,Bacteria,Proteobacteria,Gammaproteobacteria,Pseudomonadales,Moraxellaceae,Acinetobacter,NA
Seq_95,0.312849162011173,0.359889746151346,0,0.790461470523294,0,0.292061244357908,0.29956209053178,0.343904130702836,0.31385751520417,0.305421967111387,0.323485277114954,0.317791934558402,0.320159076190563,0.363282313281266,0.279410221429321,0.356084286769243,0.353669319186561,0,Bacteria,Proteobacteria,Gammaproteobacteria,Pseudomonadales,Moraxellaceae,Acinetobacter,NA
Seq_155,0.238699847638395,0.258783596730901,0.241145107409128,0,0.237879587144549,0.19360120364634,0.19437234881833,0.283215166461159,0.20742832319722,0.239489605957183,0.237386534156601,0.222160102399623,0.25539755365629,0.235557695931657,0.21250918249554,0.224575885405602,0.232794994907609,0.208768267223382,Bacteria,Proteobacteria,Gammaproteobacteria,Pseudomonadales,Moraxellaceae,Acinetobacter,NA
Seq_26,0.741493143727781,0.711353979850989,0.76878830114378,0,0.648943476226971,0.663775555358881,0.732898091720881,0.737900739827374,0.714596003475239,0.746587030716723,0.757668938033505,0.645882681810826,0.733355832641632,0.717142318725266,0.620474341483891,0.732400635286739,0.699504191429115,0.818145912091632,Bacteria,Proteobacteria,Gammaproteobacteria,Pseudomonadales,Moraxellaceae,Acinetobacter,NA
Seq_347,0,0,0.130528085661822,0,0,0,0,0,0,0.125077567483711,0,0.150068413541467,0,0,0.129866722636163,0.173995731034971,0,0,Bacteria,Proteobacteria,Gammaproteobacteria,Pseudomonadales,Moraxellaceae,Acinetobacter,NA
Seq_273,0,0,0,0.724221682490616,0,0.178113107354633,0.129200443626302,0.129084463625154,0.232406602953953,0.176466025442135,0,0.211861289705601,0.122225972106939,0.134006155907787,0.15479063910169,0.22356428231819,0,0,Bacteria,Proteobacteria,Gammaproteobacteria,Pseudomonadales,Moraxellaceae,Acinetobacter,NA
Seq_184,0.189944134078212,0.205823232748763,0.230083405234397,0,0.262762389147117,0.240065492521462,0.228673351550977,0.239865906288533,0.203084274543875,0.213310580204778,0.158667683451822,0.185378628492401,0.197020969963423,0.182164618187148,0.158725994333088,0.164891303248258,0,0.247136489307679,Bacteria,Proteobacteria,Gammaproteobacteria,Pseudomonadales,Moraxellaceae,Acinetobacter,NA
Seq_207,0.176739461655663,0.23350705937579,0.163713192186014,0,0,0.158199840693867,0.200089182607105,0.238902589395808,0.157471763683753,0.203614644740925,0,0,0.182426824040207,0,0.170532060027285,0.190181380433573,0.208172447369305,0,Bacteria,Proteobacteria,Gammaproteobacteria,Pseudomonadales,Moraxellaceae,Acinetobacter,NA
Seq_77,0.365667851701371,0.434515713580722,0.360611490896219,0.869949216162508,0.449881060206428,0.330781485087176,0.324716159202387,0.407483045622688,0.335577758470895,0.346144896059572,0.441563553172124,0.406067471935735,0.352083770397599,0.353860005444,0.351558400671634,0.358107492944068,0.344715665536268,0.33741465891779,Bacteria,Proteobacteria,Gammaproteobacteria,Pseudomonadales,Moraxellaceae,Acinetobacter,NA
Seq_289,0.166582021330625,0,0.194685958275259,0,0.158254620736332,0.148243207363483,0.146350944992625,0.182066892725031,0.099913119026933,0.192949115730686,0,0,0.135907983909954,0.193680772210473,0.202014901878476,0.066765803769233,0.201457207131585,0.15008745697681,Bacteria,Bacteroidota,Bacteroidia,Sphingobacteriales,env.OPS 17,env.OPS 17_unclassified,NA
Seq_146,0.17064499746064,0.311743960713039,0.56304064069379,0,0,0.22568368882202,0.170361646905478,0.174360357583231,0.167245873153779,0.170648464163823,0.373914540847704,0.304550603951802,0.190636031122016,0.168554617977763,0.195455976492811,0.18916977734616,0.468947609934079,0.246008012187553,Bacteria,Proteobacteria,Gammaproteobacteria,Pseudomonadales,Moraxellaceae,Acinetobacter,NA
Seq_80,0.416455053326562,0.392388151322204,0.340700426981704,0.927357032457496,0.374237342118621,0.290954951765643,0.341866660568711,0.381473489519112,0.320373588184188,0.32772261867825,0.396054217608423,0.372228515941091,0.362117245719811,0.351766159257941,0.320075558820443,0.392501997916098,0.392841553906591,0.363369632680697,Bacteria,Proteobacteria,Gammaproteobacteria,Pseudomonadales,Moraxellaceae,Acinetobacter,NA
Seq_113,0.292534281361097,0.322576762436658,0.306409150240039,0,0.277692070348658,0.33410036286397,0.314425858382593,0.31982120838471,0,0.281182128451753,0.258296228875058,0.291309273345201,0.321071210310764,0.274293850373752,0.288592716969252,0.350014668244767,0.31113946434767,0.320487502115895,Bacteria,Proteobacteria,Gammaproteobacteria,Pseudomonadales,Moraxellaceae,Acinetobacter,NA
Seq_358,0,0,0.134952766531714,0,0.134367130813867,0.139392866625365,0,0.136790998766954,0.089052997393571,0.124107973937325,0.113158347888121,0,0.103071155582717,0,0.131178507713296,0,0,0,Bacteria,Bacteroidota,Bacteroidia,Sphingobacteriales,env.OPS 17,env.OPS 17_unclassified,NA
Seq_226,0,0,0.199110639145152,0,0.189109295219516,0.196920081423135,0.177221847452007,0.184956843403206,0.156385751520417,0.181313993174061,0.178347396128017,0.163309744148067,0.201581640564429,0.196821541489562,0.149543498793158,0.183100158821685,0.163404179117841,0.188455679061107,Bacteria,Proteobacteria,Gammaproteobacteria,Pseudomonadales,Moraxellaceae,Acinetobacter,NA
Seq_2,1.92381919756221,1.85481638401078,2.10172341319882,4.50872157209097,1.8323695394691,1.77006814762368,1.86711791541373,1.86787145499383,1.7745438748914,1.88392026062675,2.0196305133945,1.68900528181965,1.83521384984448,1.6771707950334,1.6515374121104,1.83302479439167,1.67209481919216,2.09896744343508,Bacteria,Proteobacteria,Gammaproteobacteria,Pseudomonadales,Moraxellaceae,Acinetobacter,NA
Seq_39,0.636871508379888,0.634320723149697,0.66038361983142,0,0.595196623901424,0,0.564823178330913,0.576063501849568,0.647263249348393,0.610843934222774,0.67034021303289,0.563492180258647,0.588326507529667,0.65746770242258,0.536520096547382,0.599880630835685,0.607729241513615,0.691756474637477,Bacteria,Proteobacteria,Gammaproteobacteria,Pseudomonadales,Moraxellaceae,Acinetobacter,NA
Seq_45,0,0.553676532540533,0.581845534390832,1.54117906822698,0,0,0.608271115125599,0.531750924784217,0.528887923544744,0.548789947254111,0.59162136232811,0,0.550016874481224,0.538118469817207,0.489295833770595,0.53614963632869,0.509239051360396,0.595835919426734,Bacteria,Proteobacteria,Gammaproteobacteria,Pseudomonadales,Moraxellaceae,Acinetobacter,NA
Seq_228,0.209243270695785,0,0.193579788057786,0,0.162235869056743,0.153774670324807,0.178365214209762,0.195553329223181,0.142267593397046,0.1919795221843,0,0.204504994924157,0.171481214597794,0.226135388094391,0.242680239269598,0,0.259655955858487,0.156858319697568,Bacteria,Bacteroidota,Bacteroidia,Sphingobacteriales,env.OPS 17,env.OPS 17_unclassified,NA
Seq_160,0.217369222955815,0.235914348647705,0.236720426539236,0,0.189109295219516,0.27878573325073,0.233246818581997,0.252389025893958,0.182450043440487,0.2317328575861,0.212786893311358,0.20009121805529,0.259046090137094,0.221947695722272,0,0.257958787290219,0.212649274194451,0.266320600349828,Bacteria,Proteobacteria,Gammaproteobacteria,Pseudomonadales,Moraxellaceae,Acinetobacter,NA
Seq_67,0.489588623666836,0.474235986567326,0,0.540958268933539,0.485712295090126,0.460217718382158,0.44476966876665,0.475878545006165,0,0,0,0,0,0,0.384353027599958,0.484557878870646,0,0,Bacteria,Proteobacteria,Gammaproteobacteria,Pseudomonadales,Moraxellaceae,Acinetobacter,NA
Seq_141,0,0,0.438043406119334,0,0.486707607170228,0.262191344366758,0,0.231196054254007,0,0.377171889543903,0,0.58703232355927,0.237154871252269,0.225088465001361,0,0.402618028790224,0,0.35321333859956,Bacteria,Proteobacteria,Gammaproteobacteria,Enterobacterales,Shewanellaceae,Shewanella,NA
Seq_55,0.521076688674454,0.581360359167559,0,0,0.533487274935056,0,0.563679811573158,0.578953452527744,0.502823631624674,0,0,0,0,0,0.464371917305069,0,0,0,Bacteria,Proteobacteria,Gammaproteobacteria,Pseudomonadales,Moraxellaceae,Acinetobacter,NA
Seq_269,0.153377348908075,0,0.159288511316121,0,0.173184301937873,0.182538277723692,0.137204010930586,0.187846794081381,0.152041702867072,0.172587651256593,0,0.158895967279201,0.130435179188748,0.157038463954438,0.123307797250498,0,0.165642592530414,0.17829938497997,Bacteria,Proteobacteria,Gammaproteobacteria,Pseudomonadales,Moraxellaceae,Acinetobacter,NA
Seq_3,1.87404773996953,2.12924736100914,2.74993916063804,2.96975049679841,0,0,1.89798881787311,0,2.35990443092963,2.25818336953149,2.84740842783695,1.64781003104356,1.96017622431202,2.49691157687556,2.43729667331304,1.6833075374546,2.20707562479714,2.31224961913897,Bacteria,Proteobacteria,Gammaproteobacteria,Pseudomonadales,Pseudomonadaceae,Pseudomonas,NA
Seq_15,1.0939563230066,0.986988601485297,1.73336873078029,1.61183484212851,0,0,0.966144910302878,0,1.37814943527368,1.27404591995036,1.63218617008192,1.12551310156101,1.12010069960687,1.3976423291945,1.3091615069787,0.720261398237787,1.30499501953016,1.34063081871015,Bacteria,Proteobacteria,Gammaproteobacteria,Pseudomonadales,Pseudomonadaceae,Pseudomonas,NA
Seq_140,0.263077704418487,0.25396901818707,0.236720426539236,0,0.211006160981776,0.27878573325073,0.24811058643281,0.244682490752158,0.236750651607298,0.271486192987899,0.227546677818504,0.23981520987509,0.278200906661315,0.225088465001361,0.21250918249554,0.237726725541966,0.233914201613896,0.287761665632229,Bacteria,Proteobacteria,Gammaproteobacteria,Pseudomonadales,Moraxellaceae,Acinetobacter,NA
Seq_244,0,0.187768563209398,0.394902767637884,0,0,0,0,0.269728729963009,0.351867940920938,0.183253180266832,0,0,0,0.299420004606462,0.320075558820443,0.220529473055952,0.252940715620768,0.329515319076906,Bacteria,Proteobacteria,Alphaproteobacteria,Sphingomonadales,Sphingomonadaceae,Sphingomonas,NA
Seq_129,0.267140680548502,0.259987241366859,0.268799362845955,0,0.261767077067014,0.319718559164528,0.276694755376682,0.329454377311961,0.291051259774109,0.245307167235495,0.279205923593516,0.223631361355912,0.229857798290661,0.234510772838627,0.207262042187008,0.234691916279728,0.284278503396792,0.321615979236021,Bacteria,Proteobacteria,Gammaproteobacteria,Pseudomonadales,Moraxellaceae,Acinetobacter,NA
Seq_174,0.23463687150838,0,0.279861065020685,0,0.215982721382289,0.231215151783344,0.258400887252604,0.284178483353884,0.192224152910513,0.262759851070431,0.217706821480406,0,0.242627675973475,0.288950773676166,0.291216287123518,0,0.290993743634512,0.208768267223382,Bacteria,Bacteroidota,Bacteroidia,Sphingobacteriales,env.OPS 17,env.OPS 17_unclassified,NA
Seq_317,0,0,0.128315745226875,0,0.169203053617462,0,0.128057076868547,0.181103575832306,0,0.127986348122867,0.136528006691102,0.126528270240845,0.12313810622714,0,0.108878161402036,0,0.13430480475439,0.147830502736557,Bacteria,Proteobacteria,Gammaproteobacteria,Pseudomonadales,Moraxellaceae,Acinetobacter,NA
Seq_53,0.561706449974606,0.564509334264152,0.585164045043251,0.569662177081033,0.495665415891153,0.436985573944597,0.458490069859709,0.516337854500617,0,0.523580515048092,0,0.460504053318425,0.512619375552981,0.495194623002994,0.516843320390387,0.547277270290229,0.49468936417867,0.587936579585849,Bacteria,Proteobacteria,Gammaproteobacteria,Pseudomonadales,Moraxellaceae,Acinetobacter,NA
Seq_251,0.15744032503809,0.180546695393652,0,0,0,0.158199840693867,0.20351928288037,0.192663378545006,0,0.167739683524666,0.164817593663133,0.194206182230134,0.169656946357392,0,0,0,0.170119419355561,0.155729842577442,Bacteria,Proteobacteria,Gammaproteobacteria,Pseudomonadales,Moraxellaceae,Acinetobacter,NA
Seq_392,0,0,0,0,0.10251714425058,0.132755111071776,0,0.118487977805179,0.084708948740226,0,0.11807827605717,0,0.113104630904928,0,0,0,0.13430480475439,0.12187552897365,Bacteria,Bacteroidota,Bacteroidia,Sphingobacteriales,env.OPS 17,env.OPS 17_unclassified,NA
Seq_62,0,0.517567193461802,0,0,0.545431019896289,0.521063810956722,0.49850790638113,0,0,0,0,0.513469375744825,0.499849497870167,0,0,0.504789940618899,0,0,Bacteria,Proteobacteria,Gammaproteobacteria,Pseudomonadales,Moraxellaceae,Acinetobacter,NA
Seq_277,0.151345860843068,0.144437356314922,0.147120638923918,0,0.182142110658797,0.174794229577839,0.144064211477116,0.187846794081381,0.139009556907037,0,0.154977737325035,0.12064323441569,0.146853593352367,0.129818463535669,0.146919928638892,0,0.144377665110969,0.172656999379338,Bacteria,Proteobacteria,Gammaproteobacteria,Pseudomonadales,Moraxellaceae,Acinetobacter,NA
Seq_71,0.438801422041646,0.430904779672849,0.444680427424172,0,0.401110768281395,0.411540844322506,0.487074238803581,0.395923242909988,0.443092962641182,0.474131244182439,0.450173427467959,0.406067471935735,0.450594255379311,0,0.402718018679819,0.444093755374141,0.396199174025451,0.460418665011567,Bacteria,Proteobacteria,Gammaproteobacteria,Pseudomonadales,Moraxellaceae,Acinetobacter,NA
Seq_81,0.332148298628746,0.406831886953696,0.309727660892458,1.20556414219474,0.339401419315026,0.372820603593238,0.327002892717897,0.367987053020962,0.312771503040834,0.376202295997518,0.30995547465007,0.328090747252424,0.384008464604635,0.321405389560083,0.262357015426593,0.39351360100351,0.316735497879103,0.372397449641709,Bacteria,Proteobacteria,Gammaproteobacteria,Pseudomonadales,Moraxellaceae,Acinetobacter,NA
Seq_83,0.417470797359066,0.385166283506458,0,0,0.413054513242627,0,0.396748264940945,0.376656905055487,0.360556038227628,0.378141483090289,0.396054217608423,0.364872221159646,0,0,0.306957708049113,0.369235126905607,0.36038455942428,0.399480900524742,Bacteria,Proteobacteria,Gammaproteobacteria,Pseudomonadales,Moraxellaceae,Acinetobacter,NA
Seq_409,0,0,0,0,0,0.139392866625365,0.110906575502224,0,0.10642919200695,0.107624883648774,0.188187252466114,0,0.114016765025129,0.098410770744781,0.129866722636163,0.116334355052452,0,0,Bacteria,Proteobacteria,Gammaproteobacteria,Pseudomonadales,Moraxellaceae,Acinetobacter,NA
Seq_206,0,0,0.159288511316121,0,0,0.210195592530312,0.172648380420988,0.192663378545006,0.158557775847089,0,0,0.169194779973223,0,0.185305387466237,0.162661349564487,0.197262602045461,0.198099587012725,0,Bacteria,Proteobacteria,Gammaproteobacteria,Pseudomonadales,Moraxellaceae,Acinetobacter,NA
Seq_127,0.274250888776028,0.287671067993885,0.256631490453751,0,0.324471738113486,0.307549340649615,0.259544254010359,0.342940813810111,0.286707211120765,0.24627676078188,0.282895869720302,0.210390030749312,0.243539810093676,0.242886157582864,0.251862734809529,0.208390236007,0.288755330221939,0.315973593635389,Bacteria,Proteobacteria,Gammaproteobacteria,Pseudomonadales,Moraxellaceae,Acinetobacter,NA
Seq_41,0.62671406805485,0.589785871619263,0.653746598526581,0,0.560360701097829,0.538764492432959,0.588833880243766,0.602073057953144,0.60490877497828,0.60114799875892,0.6309807876805,0.588503582515559,0.646703091222533,0.627106932724722,0.507660824850456,0.620112692583938,0.577510660443877,0.689499520397224,Bacteria,Proteobacteria,Gammaproteobacteria,Pseudomonadales,Moraxellaceae,Acinetobacter,NA
Seq_96,0.28542407313357,0.3213731178007,0.339594256764231,0.825789357474056,0.398124832041087,0.332994070271705,0.30184882404729,0.375693588162762,0.301911381407472,0.291847657461992,0.269366067255418,0.26629787108829,0.318334807950161,0.27743461965284,0.251862734809529,0.257958787290219,0.288755330221939,0.345313998758675,Bacteria,Proteobacteria,Gammaproteobacteria,Pseudomonadales,Moraxellaceae,Acinetobacter,NA
Seq_386,0.15744032503809,0,0,0,0.138348379134278,0.11062925922648,0.131487177141812,0.111744759556104,0,0,0,0,0.108543960303923,0,0.140361003253227,0,0.135424011460677,0.10946228065226,Bacteria,Bacteroidota,Bacteroidia,Sphingobacteriales,env.OPS 17,env.OPS 17_unclassified,NA
Seq_60,0.471305231081767,0.48266149901903,0.503307448950244,0.529918304261426,0.481731046769715,0.462430303566687,0.459633436617464,0.477805178791615,0,0.487705553831834,0,0,0.51170724143278,0.510898469398438,0.44731871130234,0.560428110426593,0.457755542871213,0.569880945663827,Bacteria,Proteobacteria,Gammaproteobacteria,Pseudomonadales,Moraxellaceae,Acinetobacter,NA
Seq_163,0.19197562214322,0.223877902288128,0.19136744762284,0.496798410245087,0,0.247809540667316,0.186368781514046,0.192663378545006,0.201998262380539,0.198766677008998,0.225086713733979,0.238343950918801,0.172393348717995,0.185305387466237,0.149543498793158,0.32775940032169,0.201457207131585,0.225695424025278,Bacteria,Proteobacteria,Gammaproteobacteria,Pseudomonadales,Moraxellaceae,Acinetobacter,NA
Seq_201,0.184865413915693,0.215452389836425,0.199110639145152,0,0.175174926098078,0.222364811045225,0,0.176286991368681,0.177019982623805,0.205553831833695,0.178347396128017,0,0,0,0,0.18916977734616,0,0.17491395361959,Bacteria,Proteobacteria,Gammaproteobacteria,Pseudomonadales,Moraxellaceae,Acinetobacter,NA
Seq_33,0.697816150330117,0.629506144605867,0.720116811574965,0,0.697713768152004,0.667094433135676,0.683733321137421,0.673358508014797,0.640747176368375,0.690350605026373,0.635900715849549,0.629698833291648,0.647615225342734,0.650139240771373,0.569314723475706,0.642367960507015,0.551768906199286,0.725610788241268,Bacteria,Proteobacteria,Gammaproteobacteria,Pseudomonadales,Moraxellaceae,Acinetobacter,NA
Seq_72,0.460132046724226,0.405628242317738,0.445786597641645,1.04879664385074,0.380209214599238,0.39384016284627,0.373880929785847,0.425786066584464,0.276933101650738,0.4634657151722,0.403434109861996,0,0.389481269325842,0.516133084863586,0.520778675621786,0.196250998958049,0.542815252548993,0.314845116515263,Bacteria,Bacteroidota,Bacteroidia,Sphingobacteriales,env.OPS 17,env.OPS 17_unclassified,NA
Seq_262,0.158456069070594,0.164899315126202,0,0,0.156263996576126,0.229002566598814,0,0.161837237977805,0.134665508253692,0,0.151287791198249,0,0.173305482838197,0.198915387675621,0,0,0,0.167014613778706,Bacteria,Proteobacteria,Gammaproteobacteria,Pseudomonadales,Moraxellaceae,Acinetobacter,NA
Seq_203,0.162519045200609,0,0.194685958275259,0,0.173184301937873,0,0,0.180140258939581,0.206342311033884,0.225915296307788,0.189417234508376,0,0.228033530050259,0.190540002931385,0.178402770490083,0.196250998958049,0.195861173600152,0,Bacteria,Proteobacteria,Gammaproteobacteria,Pseudomonadales,Moraxellaceae,Acinetobacter,NA
Seq_398,0.19197562214322,0,0,0,0,0,0,0,0.199826238053866,0.124107973937325,0,0,0.114016765025129,0,0.275474866197922,0.230645503930078,0.245106268676762,0,Bacteria,Bacteroidota,Bacteroidia,Chitinophagales,Chitinophagaceae,Sediminibacterium,NA
Seq_156,0.228542407313357,0.21785967910834,0.203535320015044,0.516670346654891,0.273710822028247,0.232321444375608,0.205806016395879,0.257205610357583,0.224804517810599,0.198766677008998,0.227546677818504,0.185378628492401,0.188811762881614,0.20310308004774,0.187585266030014,0.176018937209796,0.201457207131585,0.244879535067426,Bacteria,Proteobacteria,Gammaproteobacteria,Pseudomonadales,Moraxellaceae,Acinetobacter,NA
Seq_272,0,0,0,0,0,0,0,0,0,0,0,0.169194779973223,0.168744812237191,0,0,0,0.165642592530414,0.17829938497997,Bacteria,Proteobacteria,Gammaproteobacteria,Pseudomonadales,Moraxellaceae,Acinetobacter,NA
Seq_330,0.130015236160488,0,0.175881064578217,0,0.131381194573559,0.128329940702717,0.139490744446096,0,0,0.181313993174061,0.148827827113724,0,0.131347313308949,0.181117695094118,0.170532060027285,0,0.185788313243573,0.13428877729504,Bacteria,Bacteroidota,Bacteroidia,Sphingobacteriales,env.OPS 17,env.OPS 17_unclassified,NA
Seq_42,0.561706449974606,0.587378582347348,0,1.54117906822698,0.557374764857521,0.539870785025223,0.605984381610089,0.568356966707768,0.535403996524761,0.561394663357121,0.520282403876903,0,0.574644495726652,0.545446931468414,0.476177982999265,0.57459055365037,0.53721921901756,0.642103481351916,Bacteria,Proteobacteria,Gammaproteobacteria,Pseudomonadales,Moraxellaceae,Acinetobacter,NA
Seq_309,0,0,0,0.686685802605432,0,0.148243207363483,0.118910142806508,0.129084463625154,0.193310165073849,0.161922122246354,0,0.189792405361268,0.117665301505933,0.10155154002387,0.144296358484626,0.20434382365735,0,0,Bacteria,Proteobacteria,Gammaproteobacteria,Pseudomonadales,Moraxellaceae,Acinetobacter,NA
Seq_183,0.126968004062976,0.328594985616447,0,0,0,0.214620762899372,0,0.17050709001233,0,0.148347812596959,0.330865169368527,0.311906898733246,0,0,0,0.186134968083923,0,0.214410652824014,Bacteria,Proteobacteria,Gammaproteobacteria,Pseudomonadales,Moraxellaceae,Acinetobacter,NA
Seq_279,0.166582021330625,0,0,0,0,0.153774670324807,0.153211145539155,0.163763871763255,0,0,0,0,0,0.221947695722272,0,0.106218324178325,0.188026726656146,0,Bacteria,Bacteroidota,Bacteroidia,Sphingobacteriales,env.OPS 17,env.OPS 17_unclassified,NA
Seq_38,0.611477907567293,0.618673342882248,0.647109577221743,0,0.590220063500911,0.542083370209753,0.642572117858245,0.649275585696671,0.595134665508254,0.6554452373565,0.633440751765024,0,0.595623580491275,0.573713854980213,0.556196872704376,0.648437579031491,0.651378303058792,0.74705185352367,Bacteria,Proteobacteria,Gammaproteobacteria,Pseudomonadales,Moraxellaceae,Acinetobacter,NA
Seq_82,0.415439309294058,0.356278812243473,0.407070640030088,0,0.375232654198724,0,0.40017836521421,0.368950369913687,0.326889661164205,0.364567173440894,0.398514181692947,0,0.3529959045178,0,0,0.352037874419593,0.359265352717993,0.415279580206511,Bacteria,Proteobacteria,Gammaproteobacteria,Pseudomonadales,Moraxellaceae,Acinetobacter,NA
Seq_105,0.329101066531234,0.365907969331135,0.319683192849716,0,0.290631127389993,0.370608018408709,0.258400887252604,0,0.321459600347524,0.305421967111387,0.348084917960198,0.367814739072224,0.286410113743125,0.257543080885278,0.284657361737853,0.43195451832519,0.284278503396792,0.373525926761835,Bacteria,Proteobacteria,Gammaproteobacteria,Pseudomonadales,Moraxellaceae,Acinetobacter,NA
Seq_79,0,0,0.430300214597022,0,0.846015268087309,0.488981325781043,0.714604223596803,0.384363440197287,0,0.478979211914366,0,1.07401903809089,0.373062855162223,0.398877698444272,0,0.712168573538486,0.487974123940951,0.25616430626869,Bacteria,Proteobacteria,Gammaproteobacteria,Enterobacterales,Shewanellaceae,Shewanella,NA
Seq_366,0,0,0,0,0,0,0.125770343353037,0,0.099913119026933,0.136712690040335,0.115618311972645,0,0,0.169601541070793,0,0,0.149973698642402,0.118490097613271,Bacteria,Bacteroidota,Bacteroidia,Sphingobacteriales,env.OPS 17,env.OPS 17_unclassified,NA
Seq_426,0,0,0,0,0,0.118373307372334,0.085752506831616,0.104038224414303,0,0,0.212786893311358,0,0.101246887342315,0.082706924349337,0.12855493755903,0,0,0.156858319697568,Bacteria,Proteobacteria,Gammaproteobacteria,Pseudomonadales,Moraxellaceae,Acinetobacter,NA
Seq_342,0,0,0,0,0,0.209089299938048,0.14978104526589,0.183030209617756,0.183536055603823,0.175496431895749,0,0,0.164184141636186,0.148663079210201,0.211197397418407,0.18512336499651,0,0,Bacteria,Proteobacteria,Gammaproteobacteria,Pseudomonadales,Moraxellaceae,Acinetobacter,NA
Seq_376,0,0,0,0,0,0.186963448092752,0.113193309017734,0.127157829839704,0.136837532580365,0.144469438411418,0,0,0.148677861592769,0.094223078372663,0.158725994333088,0.145670844587418,0,0,Bacteria,Proteobacteria,Gammaproteobacteria,Pseudomonadales,Moraxellaceae,Acinetobacter,NA
Seq_1,2.95276790248857,3.46890384083003,3.98331895312051,4.73172885846765,0,0,3.0539326099633,0,3.48718505647263,3.3635200124108,4.05279082925389,2.3187041151113,2.84950699150803,3.58047697816118,3.54313149333613,2.62106359948611,3.35090487862203,3.60548439880381,Bacteria,Proteobacteria,Gammaproteobacteria,Pseudomonadales,Pseudomonadaceae,Pseudomonas,NA
Seq_28,0.675469781615033,0.63793165705757,0,1.71781850298079,0.578276318539678,0.604035755376582,0.671156286802117,0.603999691738594,0.61359687228497,0.652536456717344,0.69862980000492,0.570848475040092,0.660385103025549,0.627106932724722,0.595550425018365,0.672716053129394,0.612206068338761,0.754951193364555,Bacteria,Proteobacteria,Gammaproteobacteria,Pseudomonadales,Moraxellaceae,Acinetobacter,NA
Seq_20,0.862366683595734,0.879864228885064,0.923652131590009,1.05762861558843,0.881846502971007,0.856270466412957,0.868958735893713,0.902627928483354,0.91876629018245,0.920144275519702,0.920026567612113,0.898939222292516,0.890242901316209,0.826022320400343,0.767394270122783,0.899315144709822,0.830451376064645,1.02578570219489,Bacteria,Proteobacteria,Gammaproteobacteria,Pseudomonadales,Moraxellaceae,Acinetobacter,NA
Seq_199,0.239715591670899,0,0.254419150018805,0,0.200057728100646,0.213514470307107,0,0.229269420468557,0.147697654213727,0.270516599441514,0.226316695776242,0,0.21161511588664,0.261730773257397,0.301710567740581,0,0,0.19071263330136,Bacteria,Bacteroidota,Bacteroidia,Sphingobacteriales,env.OPS 17,env.OPS 17_unclassified,NA
Seq_106,0.296597257491112,0.339427787340066,0.308621490674985,0,0.269729573707836,0,0.336149826779936,0.307298088779285,0.291051259774109,0.343236115420416,0.305035546481021,0.294251791257779,0.373974989282424,0.324546158839172,0.326634484206108,0.338887034283229,0.320093117997963,0.293404051232861,Bacteria,Proteobacteria,Gammaproteobacteria,Pseudomonadales,Moraxellaceae,Acinetobacter,NA
Seq_204,0.173692229558151,0.203415943476848,0.16592553262096,0,0.212996785141981,0.22347110363749,0,0.235049321824908,0.168331885317116,0.196827489916227,0.20294703697326,0.154482190410334,0.187899628761413,0.190540002931385,0.175779200335817,0,0.177953866299567,0.225695424025278,Bacteria,Proteobacteria,Gammaproteobacteria,Pseudomonadales,Moraxellaceae,Acinetobacter,NA
Seq_16,0.952767902488573,1.13985147025192,1.50771000641579,1.69794656657099,0,0,1.06561781822755,0,1.25543006081668,1.21102233943531,1.53747755282773,0.832732569259515,1.02706301934636,1.2845746351473,1.33408542344422,0.9296632373322,1.19083593548893,1.17474468205157,Bacteria,Proteobacteria,Gammaproteobacteria,Pseudomonadales,Pseudomonadaceae,Pseudomonas,NA
Seq_242,0.230573895378365,0.215452389836425,0,0,0.298593624030815,0.131648818479511,0.091469340620391,0.097295006165228,0,0.096959354638536,0.350544882044722,0,0.110368228544325,0.092129232186604,0,0.106218324178325,0,0.346442475878802,Bacteria,Proteobacteria,Gammaproteobacteria,Pseudomonadales,Moraxellaceae,Acinetobacter,NA
Seq_137,0,0.320169473164743,0.659277449613947,0,0,0,0,0.342940813810111,0.484361424847958,0.296695625193919,0,0,0,0.453317699281811,0.415835869451149,0.426896502888127,0.401795207556884,0.54392597190092,Bacteria,Proteobacteria,Alphaproteobacteria,Sphingomonadales,Sphingomonadaceae,Sphingomonas,NA
Seq_69,0.418486541391569,0.400813663773907,0.377204044158315,0.975932877014794,0.459834181007455,0.383883529515886,0.415042133065023,0.429639334155364,0.345351867940921,0.384928637914986,0.479692996482251,0.43990642793038,0.390393403446043,0.419816160304864,0.316140203589044,0.380362760867146,0.490212537353524,0.411894148846132,Bacteria,Proteobacteria,Gammaproteobacteria,Pseudomonadales,Moraxellaceae,Acinetobacter,NA
Seq_89,0.340274250888776,0.393591795958161,0.347337448286542,0,0.428979506524271,0.300911585096026,0.357873795177279,0.411336313193588,0.344265855777585,0.410138070121005,0.368994612678655,0.364872221159646,0.333841087993579,0.369563851839444,0.313516633434778,0.392501997916098,0.386126313668872,0.380296789482593,Bacteria,Proteobacteria,Gammaproteobacteria,Pseudomonadales,Moraxellaceae,Acinetobacter,NA
Seq_117,0.289487049263586,0.329798630252404,0.290922767195416,0,0.332434234754307,0.349588459155677,0.273264655103418,0.339087546239211,0.286707211120765,0.311239528389699,0.297655654227448,0.261884094219424,0.259046090137094,0.295232312234343,0.21250918249554,0,0.294351363753372,0.334029227557411,Bacteria,Proteobacteria,Gammaproteobacteria,Pseudomonadales,Moraxellaceae,Acinetobacter,NA
Seq_225,0,0.207026877384721,0.17698723479569,0,0.239870211304755,0.171475351801044,0.174935113936497,0,0.188966116420504,0.16483090288551,0,0.189792405361268,0,0,0,0,0,0,Bacteria,Proteobacteria,Gammaproteobacteria,Pseudomonadales,Moraxellaceae,Acinetobacter,NA
Seq_265,0.176739461655663,0.164899315126202,0.148226809141391,0,0.171193677777667,0.17036905920878,0.163501446358949,0.199406596794081,0.163987836663771,0,0.156207719367297,0.130942047109712,0.142292922751361,0.142381540652024,0.136425648021828,0,0.147735285229829,0.171528522259211,Bacteria,Proteobacteria,Gammaproteobacteria,Pseudomonadales,Moraxellaceae,Acinetobacter,NA
Seq_264,0.150330116810564,0,0.174774894360744,0,0.15029212409551,0.184750862908222,0,0.16472718865598,0.147697654213727,0,0,0,0,0.182164618187148,0,0.170960921772733,0,0,Bacteria,Proteobacteria,Gammaproteobacteria,Pseudomonadales,Moraxellaceae,Acinetobacter,NA
Seq_29,0.640934484509904,0.60182231797884,0,1.54117906822698,0.609130993022862,0,0.639142017584981,0,0.675499565595135,0,0,0.58703232355927,0.632108945299317,0,0,0.651472388293729,0,0.684985611916718,Bacteria,Proteobacteria,Gammaproteobacteria,Pseudomonadales,Moraxellaceae,Acinetobacter,NA
Seq_282,0.165566277298121,0,0.172562553925798,0,0.152282748255716,0.141605451809895,0.142920844719361,0.176286991368681,0.105343179843614,0.201675457648154,0.150057809155986,0,0.154150666313975,0.160179233233527,0.165284919718753,0,0.189145933362433,0.146702025616431,Bacteria,Bacteroidota,Bacteroidia,Sphingobacteriales,env.OPS 17,env.OPS 17_unclassified,NA
Seq_136,0.236668359573387,0.229896125467917,0.27433021393332,0.708765731949658,0.23091240258383,0.213514470307107,0.253827420221584,0.290921701602959,0.165073848827107,0.265668631709587,0.269366067255418,0,0.24718834657448,0.284763081304047,0.313516633434778,0.129485195188816,0.333523598473402,0.217796084184393,Bacteria,Bacteroidota,Bacteroidia,Sphingobacteriales,env.OPS 17,env.OPS 17_unclassified,NA
Seq_283,0,0,0,0,0,0.14049915921763,0,0,0.104257167680278,0.163861309339125,0.17465745000123,0,0.14958999571297,0.190540002931385,0,0.095090690216787,0.193622760187579,0.117361620493144,Bacteria,Bacteroidota,Bacteroidia,Sphingobacteriales,env.OPS 17,env.OPS 17_unclassified,NA
Seq_47,0.574911122397156,0,0,0,0.563346637338137,0.597397999822993,0,0.576063501849568,0,0,0,0,0,0,0,0.62112429567135,0.505881431241536,0,Bacteria,Proteobacteria,Gammaproteobacteria,Pseudomonadales,Moraxellaceae,Acinetobacter,NA
Seq_86,0.309801929913662,0.46701411875158,0.353974469591381,0,0.358312348836978,0.413753429507036,0.404751832245229,0.358353884093711,0.33123370981755,0.350023270245113,0.324715259157216,0.356044667421913,0.404075415249058,0.331874620490379,0.348934830517368,0.428919709062952,0.358146146011707,0.405123286125374,Bacteria,Proteobacteria,Gammaproteobacteria,Pseudomonadales,Moraxellaceae,Acinetobacter,NA
Seq_98,0.338242762823768,0.365907969331135,0.339594256764231,0,0.326462362273691,0.369501725816444,0.307565657836064,0.392069975339088,0.350781928757602,0.324813838039094,0.335785097537576,0.314849416645824,0.288234381983527,0.323499235746142,0.292528072200651,0.252900771853156,0.327927564941969,0.375782881002088,Bacteria,Proteobacteria,Gammaproteobacteria,Pseudomonadales,Moraxellaceae,Acinetobacter,NA
Seq_224,0,0.229896125467917,0.358399150461273,0,0,0,0,0.296701602959309,0.444178974804518,0.247246354328266,0,0,0,0.32873385121129,0.279410221429321,0.222552679230777,0.248463888795622,0.405123286125374,Bacteria,Proteobacteria,Alphaproteobacteria,Sphingomonadales,Sphingomonadaceae,Sphingomonas,NA
Seq_149,0.251904520060945,0.276838266270266,0.244463618061547,0,0.26375770122722,0.199132666607664,0.233246818581997,0.245645807644883,0.232406602953953,0.209432206019237,0.221396767607193,0.251585281525401,0.25539755365629,0.211478464791976,0.198079546647077,0.22761069466784,0.257417542445914,0.275348417310839,Bacteria,Proteobacteria,Gammaproteobacteria,Pseudomonadales,Moraxellaceae,Acinetobacter,NA
Seq_171,0,0.216656034472382,0.219021703059667,0,0.272715509948144,0.211301885122577,0.222956517762203,0.209039765721332,0.19874022589053,0.196827489916227,0,0.263355353175712,0.193372433482619,0.215666157164095,0.186273480952881,0.22761069466784,0.213768480900738,0.239237149466795,Bacteria,Proteobacteria,Gammaproteobacteria,Pseudomonadales,Moraxellaceae,Acinetobacter,NA
Seq_211,0.176739461655663,0,0.174774894360744,0,0.243851459625165,0.199132666607664,0.197802449091595,0.209039765721332,0.185708079930495,0.185192367359603,0.221396767607193,0.164781003104356,0.198845238203825,0.180070772001089,0.167908489873019,0.14263603532518,0.173477039474421,0,Bacteria,Proteobacteria,Gammaproteobacteria,Pseudomonadales,Moraxellaceae,Acinetobacter,NA
Seq_179,0.196038598273235,0.198601364933017,0.195792128492732,0.501214396113932,0.224940530103214,0.224577396229755,0.189798881787311,0.222526202219482,0.197654213727194,0.182283586720447,0.169737521832181,0.178022333710956,0.163272007515985,0.197868464582592,0.153478854024557,0.168937715597908,0.207053240663018,0.236980195226542,Bacteria,Proteobacteria,Gammaproteobacteria,Pseudomonadales,Moraxellaceae,Acinetobacter,NA
Seq_274,0.160487557135602,0,0.212384681754828,0,0.155268684496024,0.16594388883972,0.161214712843439,0.173397040690506,0,0.198766677008998,0.170967503874443,0,0.166008409876588,0.198915387675621,0.245303809423864,0,0.201457207131585,0.13428877729504,Bacteria,Bacteroidota,Bacteroidia,Sphingobacteriales,env.OPS 17,env.OPS 17_unclassified,NA
Seq_250,0.158456069070594,0.163695670490244,0,0.439390593950099,0,0.180325692539163,0.163501446358949,0.194590012330456,0,0.161922122246354,0,0.136827082934867,0,0.142381540652024,0.136425648021828,0,0,0.172656999379338,Bacteria,Proteobacteria,Gammaproteobacteria,Pseudomonadales,Moraxellaceae,Acinetobacter,NA
Seq_185,0.181818181818182,0.205823232748763,0.200216809362625,0.472510487966438,0.212001473061879,0.222364811045225,0.158927979327929,0.252389025893958,0.186794092093831,0.205553831833695,0.162357629578608,0.141240859803734,0,0.207290772419858,0.182338125721482,0,0.205934033956731,0.196355018901992,Bacteria,Proteobacteria,Gammaproteobacteria,Pseudomonadales,Moraxellaceae,Acinetobacter,NA
Seq_172,0.185881157948197,0,0.228977235016924,0,0.196076479780235,0.227896274006549,0.214952950457918,0.205186498150432,0.194396177237185,0.253063915606578,0.220166785564931,0.20009121805529,0.233506334771465,0.194727695303503,0,0.25087756567833,0.230556581495036,0.229080855385657,Bacteria,Proteobacteria,Gammaproteobacteria,Pseudomonadales,Moraxellaceae,Acinetobacter,NA
Seq_223,0.163534789233113,0.180546695393652,0,0.454846544491058,0.200057728100646,0.181431985131428,0.178365214209762,0.200369913686806,0,0,0.164817593663133,0,0,0,0.142984573407493,0,0.17683465959328,0.160243751057947,Bacteria,Proteobacteria,Gammaproteobacteria,Pseudomonadales,Moraxellaceae,Acinetobacter,NA
Seq_70,0.416455053326562,0.446552159940299,0.478971704165837,0,0.428979506524271,0,0.442482935251141,0.405556411837238,0.417028670721112,0.435347502327025,0.474773068313203,0.354573408465624,0.433263707095491,0,0.360740896211565,0.401606425702811,0.404033620969457,0.441234553969418,Bacteria,Proteobacteria,Gammaproteobacteria,Pseudomonadales,Moraxellaceae,Acinetobacter,NA
Seq_31,0.685627221940071,0.648764458781189,0.663702130483839,0,0.674821590309642,0.665988140543411,0.629995083522942,0.649275585696671,0.642919200695048,0.680654669562519,0.646970554229908,0.670894084067737,0.645790957102332,0.63129462509684,0.581120789169902,0.603927043185336,0.652497509765078,0.703041245838741,Bacteria,Proteobacteria,Gammaproteobacteria,Pseudomonadales,Moraxellaceae,Acinetobacter,NA
Seq_90,0.375825292026409,0.400813663773907,0.362823831331165,0,0,0,0.381884497090132,0.341014180024661,0.365986099044309,0.378141483090289,0.337015079579838,0.348688372640468,0.406811817609661,0,0.344999475285969,0.366200317643369,0.344715665536268,0,Bacteria,Proteobacteria,Gammaproteobacteria,Pseudomonadales,Moraxellaceae,Acinetobacter,NA
Seq_97,0.301675977653631,0.356278812243473,0.300878299152674,0.887613159637889,0,0.266616514735817,0.318999325413613,0.371840320591862,0.249782797567333,0.326753025131865,0,0.369285998028513,0,0,0.250550949732396,0.334840621933578,0.338000425298548,0.304688822434125,Bacteria,Proteobacteria,Gammaproteobacteria,Pseudomonadales,Moraxellaceae,Acinetobacter,NA
Seq_240,0,0.18656491857344,0.189155107187894,0,0,0.204664129568988,0.169218280147723,0,0.156385751520417,0.155134967421657,0.156207719367297,0.150068413541467,0.164184141636186,0,0.150855283870291,0,0.163404179117841,0.180556339220222,Bacteria,Proteobacteria,Gammaproteobacteria,Pseudomonadales,Moraxellaceae,Acinetobacter,NA
Seq_115,0.303707465718639,0.234710704011748,0.359505320678746,0.686685802605432,0.250818644185885,0.267722807328082,0.267547821314643,0.299591553637485,0.246524761077324,0.353901644430655,0.322255295072692,0,0.284585845502723,0.365376159467326,0.36729982159723,0.149717256937068,0.369338213074573,0.224566946905151,Bacteria,Bacteroidota,Bacteroidia,Sphingobacteriales,env.OPS 17,env.OPS 17_unclassified,NA
Seq_261,0,0,0,0,0,0.241171785113727,0.165788179874458,0.206149815043157,0.188966116420504,0.214280173751164,0,0,0.191548165242217,0.184258464373207,0.249239164655263,0.212436648356651,0,0,Bacteria,Proteobacteria,Gammaproteobacteria,Pseudomonadales,Moraxellaceae,Acinetobacter,NA
Seq_122,0.354494667343829,0.410442820861569,0,0,0.55339351653711,0.237852907336932,0.157784612570174,0.171470406905055,0.218288444830582,0.193918709277071,0.548571990848934,0,0.169656946357392,0.176930002722,0.2348095288068,0.188158174258748,0,0.591322010946228,Bacteria,Proteobacteria,Gammaproteobacteria,Pseudomonadales,Moraxellaceae,Acinetobacter,NA
Seq_295,0.160487557135602,0.146844645586837,0.144908298488971,0,0,0.174794229577839,0.154354512296909,0,0.146611642050391,0.143499844865033,0.147597845071462,0.155953449366623,0,0,0,0,0,0,Bacteria,Proteobacteria,Gammaproteobacteria,Pseudomonadales,Moraxellaceae,Acinetobacter,NA
Seq_49,0.537328593194515,0.574138491351813,0.600650428087874,0,0.52751540245444,0.524382688733516,0.575113479150707,0.542347410604192,0.533231972198089,0.594360843934223,0.504292637327495,0.489929232444203,0.547280472120621,0.522414623421763,0.498478329310526,0.543230857940578,0.514835084891829,0.618405461829261,Bacteria,Proteobacteria,Gammaproteobacteria,Pseudomonadales,Moraxellaceae,Acinetobacter,NA
Seq_290,0,0,0.307515320457512,0,0.26375770122722,0.246703248075051,0.29727535701627,0.178213625154131,0,0,0,0.317791934558402,0.198845238203825,0.115161540233254,0,0.249865962590918,0,0.154601365457315,Bacteria,Proteobacteria,Gammaproteobacteria,Enterobacterales,Shewanellaceae,Shewanella,NA
